OrderNum,Date,Cost,Tip,Tip Percentage,Order Time,Delivery Time,Total Delivery Time,City,Housing
1,2017-07-05,42.83,10.0,0.2335,1900-01-01 18:08:00,1900-01-01 18:32:00,0:24,Frisco,Residential
2,2017-07-05,22.14,10.0,0.4517,1900-01-01 19:24:00,1900-01-01 19:56:00,0:32,Lewisville,Residential
3,2017-07-05,39.67,8.0,0.2017,1900-01-01 20:01:00,1900-01-01 20:49:00,0:48,Frisco,Residential
4,2017-07-05,61.86,10.0,0.1617,1900-01-01 20:10:00,1900-01-01 21:05:00,0:55,Frisco,Residential
5,2017-07-05,41.35,6.0,0.1451,1900-01-01 20:14:00,1900-01-01 21:18:00,1:04,Frisco,Residential
6,2017-07-07,30.9,7.0,0.2265,1900-01-01 18:00:00,1900-01-01 18:00:00,0:00,Plano,Residential
7,2017-07-07,33.02,6.98,0.2114,1900-01-01 17:58:00,1900-01-01 18:36:00,0:38,The Colony,Residential
8,2017-07-07,38.32,5.0,0.1305,1900-01-01 18:14:00,1900-01-01 18:50:00,0:36,Frisco,Residential
9,2017-07-07,24.09,5.91,0.2453,1900-01-01 19:06:00,1900-01-01 19:38:00,0:32,Frisco,Residential
10,2017-07-07,33.77,11.0,0.3257,1900-01-01 19:01:00,1900-01-01 19:55:00,0:54,Frisco,Residential
11,2017-07-07,41.89,5.0,0.1194,1900-01-01 19:15:00,1900-01-01 20:04:00,0:49,Frisco,Residential
12,2017-07-08,19.49,3.0,0.1539,1900-01-01 16:44:00,1900-01-01 17:09:00,0:25,Frisco,Residential
13,2017-07-08,25.93,4.07,0.157,1900-01-01 17:37:00,1900-01-01 17:52:00,0:15,Plano,Residential
14,2017-07-08,34.59,4.41,0.1275,1900-01-01 18:19:00,1900-01-01 18:43:00,0:24,Frisco,Residential
15,2017-07-08,29.77,5.0,0.168,1900-01-01 18:49:00,1900-01-01 19:12:00,0:23,Frisco,Apartment
16,2017-07-08,27.33,5.67,0.2075,1900-01-01 19:44:00,1900-01-01 20:06:00,0:22,Frisco,Residential
17,2017-07-09,25.66,5.0,0.1949,1900-01-01 17:12:00,1900-01-01 17:46:00,0:34,Frisco,Residential
18,2017-07-09,36.16,3.84,0.1062,1900-01-01 17:22:00,1900-01-01 18:02:00,0:40,Frisco,Residential
19,2017-07-09,17.54,5.0,0.2851,1900-01-01 17:23:00,1900-01-01 18:13:00,0:50,Frisco,Apartment
20,2017-07-09,35.4,5.0,0.1412,1900-01-01 18:34:00,1900-01-01 19:02:00,0:28,Frisco,Residential
21,2017-07-09,54.61,6.0,0.1099,1900-01-01 18:52:00,1900-01-01 19:34:00,0:42,Frisco,Residential
22,2017-07-09,33.24,4.0,0.1203,1900-01-01 18:53:00,1900-01-01 19:45:00,0:52,Frisco,Residential
23,2017-07-09,56.45,13.0,0.2303,1900-01-01 19:03:00,1900-01-01 19:57:00,0:54,Frisco,Residential
24,2017-07-09,47.41,3.59,0.0757,1900-01-01 19:50:00,1900-01-01 20:31:00,0:41,Plano,Residential
25,2017-07-09,55.1,10.0,0.1815,1900-01-01 20:16:00,1900-01-01 21:04:00,0:48,Frisco,Hotel
26,2017-07-09,56.51,4.0,0.0708,1900-01-01 20:23:00,1900-01-01 21:47:00,1:24,Frisco,Residential
27,2017-07-10,41.3,6.0,0.1453,1900-01-01 17:55:00,1900-01-01 18:34:00,0:39,Frisco,Residential
28,2017-07-10,37.56,5.44,0.1448,1900-01-01 18:48:00,1900-01-01 19:09:00,0:21,Frisco,Residential
29,2017-07-10,59.65,10.0,0.1676,1900-01-01 19:50:00,1900-01-01 20:13:00,0:23,The Colony,Residential
30,2017-07-11,31.83,7.0,0.2199,1900-01-01 17:15:00,1900-01-01 17:50:00,0:35,The Colony,Residential
31,2017-07-11,59.38,15.0,0.2526,1900-01-01 18:32:00,1900-01-01 19:01:00,0:29,Frisco,Residential
32,2017-07-11,53.75,5.0,0.093,1900-01-01 19:30:00,1900-01-01 19:50:00,0:20,Frisco,Residential
33,2017-07-11,39.4,10.6,0.269,1900-01-01 19:43:00,1900-01-01 20:24:00,0:41,Plano,Apartment
34,2017-07-12,23.82,5.0,0.2099,1900-01-01 17:11:00,1900-01-01 17:40:00,0:29,Plano,Residential
35,2017-07-12,30.53,5.0,0.1638,1900-01-01 18:05:00,1900-01-01 18:33:00,0:28,Frisco,Business
36,2017-07-12,36.21,5.0,0.1381,1900-01-01 18:09:00,1900-01-01 18:53:00,0:44,Frisco,Residential
37,2017-07-12,46.98,5.0,0.1064,1900-01-01 18:13:00,1900-01-01 19:06:00,0:53,Frisco,Residential
38,2017-07-12,27.06,6.0,0.2217,1900-01-01 20:28:00,1900-01-01 20:55:00,0:27,Frisco,Residential
39,2017-07-15,15.7,3.0,0.1911,1900-01-01 16:11:00,1900-01-01 17:03:00,0:52,Plano,Residential
40,2017-07-15,52.12,5.0,0.0959,1900-01-01 16:26:00,1900-01-01 17:07:00,0:41,Plano,Residential
41,2017-07-15,128.06,12.0,0.0937,1900-01-01 18:22:00,1900-01-01 18:56:00,0:34,Frisco,Residential
42,2017-07-15,21.87,3.0,0.1372,1900-01-01 18:33:00,1900-01-01 19:11:00,0:38,Frisco,Residential
43,2017-07-15,50.61,8.0,0.1581,1900-01-01 19:12:00,1900-01-01 19:50:00,0:38,Frisco,Residential
44,2017-07-15,68.31,7.0,0.1025,1900-01-01 19:16:00,1900-01-01 20:01:00,0:45,Frisco,Residential
45,2017-07-15,38.42,8.0,0.2082,1900-01-01 19:50:00,1900-01-01 20:36:00,0:46,Frisco,Residential
46,2017-07-15,38.65,4.0,0.1035,1900-01-01 20:37:00,1900-01-01 21:10:00,0:33,Plano,Residential
47,2017-07-16,37.78,7.0,0.1853,1900-01-01 17:26:00,1900-01-01 18:05:00,0:39,Frisco,Residential
48,2017-07-16,53.75,10.0,0.186,1900-01-01 17:30:00,1900-01-01 18:17:00,0:47,Frisco,Residential
49,2017-07-16,20.03,4.0,0.1997,1900-01-01 17:27:00,1900-01-01 18:25:00,0:58,Frisco,Residential
50,2017-07-16,44.38,6.62,0.1492,1900-01-01 18:59:00,1900-01-01 19:30:00,0:31,Frisco,Apartment
51,2017-07-16,52.77,10.0,0.1895,1900-01-01 18:59:00,1900-01-01 19:39:00,0:40,Frisco,Residential
52,2017-07-16,20.24,3.0,0.1482,1900-01-01 19:27:00,1900-01-01 20:08:00,0:41,Plano,Residential
53,2017-07-17,23.82,3.18,0.1335,1900-01-01 16:54:00,1900-01-01 17:31:00,0:37,Plano,Apartment
54,2017-07-17,34.1,3.38,0.0991,1900-01-01 17:35:00,1900-01-01 18:04:00,0:29,Plano,Residential
55,2017-07-17,48.17,5.0,0.1038,1900-01-01 18:10:00,1900-01-01 18:45:00,0:35,Frisco,Residential
56,2017-07-17,57.91,10.0,0.1727,1900-01-01 18:19:00,1900-01-01 18:54:00,0:35,Frisco,Residential
57,2017-07-17,18.35,6.65,0.3624,1900-01-01 18:20:00,1900-01-01 19:06:00,0:46,Frisco,Residential
58,2017-07-17,37.89,19.11,0.5044,1900-01-01 19:25:00,1900-01-01 19:52:00,0:27,Frisco,Residential
59,2017-07-17,80.32,7.0,0.0872,1900-01-01 19:09:00,1900-01-01 20:03:00,0:54,Frisco,Residential
60,2017-07-18,36.26,6.0,0.1655,1900-01-01 17:22:00,1900-01-01 17:53:00,0:31,Frisco,Residential
61,2017-07-18,29.39,5.5,0.1871,1900-01-01 18:11:00,1900-01-01 18:43:00,0:32,Frisco,Residential
62,2017-07-18,24.09,3.0,0.1245,1900-01-01 18:16:00,1900-01-01 18:54:00,0:38,Frisco,Residential
63,2017-07-18,91.69,18.0,0.1963,1900-01-01 20:05:00,1900-01-01 20:37:00,0:32,Frisco,Residential
64,2017-07-18,28.69,5.0,0.1743,1900-01-01 20:42:00,1900-01-01 21:15:00,0:33,Frisco,Hotel
65,2017-07-19,35.93,5.0,0.1392,1900-01-01 17:30:00,1900-01-01 17:33:00,0:03,Plano,Residential
66,2017-07-19,78.64,0.0,0.0,1900-01-01 18:32:00,1900-01-01 18:52:00,0:20,Frisco,Business
67,2017-07-19,39.94,10.0,0.2504,1900-01-01 18:28:00,1900-01-01 19:05:00,0:37,Frisco,Residential
68,2017-07-19,54.34,5.0,0.092,1900-01-01 19:21:00,1900-01-01 19:46:00,0:25,Frisco,Business
69,2017-07-19,18.35,3.35,0.1826,1900-01-01 20:31:00,1900-01-01 20:58:00,0:27,Plano,Residential
70,2017-07-21,27.04,4.96,0.1834,1900-01-01 12:30:00,1900-01-01 13:56:00,1:26,Plano,Business
71,2017-07-21,15.69,2.0,0.1275,1900-01-01 13:17:00,1900-01-01 14:08:00,0:51,Plano,Residential
72,2017-07-21,22.54,5.0,0.2218,1900-01-01 17:26:00,1900-01-01 18:00:00,0:34,Frisco,Residential
73,2017-07-21,22.19,9.81,0.4421,1900-01-01 18:28:00,1900-01-01 18:52:00,0:24,Plano,Residential
74,2017-07-21,33.23,5.0,0.1505,1900-01-01 18:51:00,1900-01-01 19:16:00,0:25,Frisco,Hotel
75,2017-07-21,38.65,6.0,0.1552,1900-01-01 19:36:00,1900-01-01 20:00:00,0:24,Plano,Residential
76,2017-07-21,96.72,10.0,0.1034,1900-01-01 19:38:00,1900-01-01 20:03:00,0:25,Plano,Residential
77,2017-07-21,33.72,7.0,0.2076,1900-01-01 20:17:00,1900-01-01 20:57:00,0:40,Frisco,Hotel
78,2017-07-21,34.32,8.0,0.2331,1900-01-01 20:21:00,1900-01-01 21:09:00,0:48,Frisco,Residential
79,2017-07-21,37.89,5.0,0.132,1900-01-01 20:26:00,1900-01-01 21:16:00,0:50,Frisco,Residential
80,2017-07-30,24.36,5.0,0.2053,1900-01-01 16:39:00,1900-01-01 17:14:00,0:35,The Colony,Residential
81,2017-07-30,76.48,5.0,0.0654,1900-01-01 17:25:00,1900-01-01 18:04:00,0:39,Frisco,Residential
82,2017-07-30,30.53,6.0,0.1965,1900-01-01 17:29:00,1900-01-01 18:19:00,0:50,Frisco,Residential
83,2017-07-30,38.1,5.9,0.1549,1900-01-01 18:13:00,1900-01-01 18:45:00,0:32,Plano,Residential
84,2017-07-30,57.32,12.0,0.2094,1900-01-01 18:52:00,1900-01-01 19:34:00,0:42,Plano,Residential
85,2017-07-30,89.79,10.0,0.1114,1900-01-01 18:57:00,1900-01-01 19:46:00,0:49,Plano,Apartment
86,2017-07-30,89.2,15.0,0.1682,1900-01-01 19:48:00,1900-01-01 20:17:00,0:29,Carrollton,Residential
87,2017-07-30,36.97,6.0,0.1623,1900-01-01 21:26:00,1900-01-01 22:05:00,0:39,Plano,Apartment
88,2017-07-31,27.07,5.0,0.1847,1900-01-01 17:06:00,1900-01-01 17:32:00,0:26,Plano,Residential
89,2017-07-31,38.32,5.0,0.1305,1900-01-01 18:00:00,1900-01-01 18:20:00,0:20,Plano,Residential
90,2017-07-31,60.46,5.0,0.0827,1900-01-01 19:00:00,1900-01-01 19:24:00,0:24,Frisco,Residential
91,2017-07-31,28.69,21.31,0.7428,1900-01-01 19:52:00,1900-01-01 20:16:00,0:24,Frisco,Residential
92,2017-07-31,32.96,7.0,0.2124,1900-01-01 20:21:00,1900-01-01 20:41:00,0:20,Plano,Residential
93,2017-07-31,48.6,10.0,0.2058,1900-01-01 21:28:00,1900-01-01 21:50:00,0:22,Frisco,Hotel
94,2017-08-02,39.73,6.0,0.151,1900-01-01 16:52:00,1900-01-01 17:21:00,0:29,Frisco,Residential
95,2017-08-02,234.36,32.47,0.1385,1900-01-01 18:00:00,1900-01-01 18:04:00,0:04,Plano,Residential
96,2017-08-02,234.36,20.0,0.0853,1900-01-01 18:00:00,1900-01-01 18:04:00,0:04,Plano,Residential
97,2017-08-02,234.36,30.0,0.128,1900-01-01 18:00:00,1900-01-01 18:04:00,0:04,Plano,Residential
98,2017-08-02,30.53,5.0,0.1638,1900-01-01 18:04:00,1900-01-01 18:40:00,0:36,Frisco,Residential
99,2017-08-02,18.35,5.0,0.2725,1900-01-01 18:58:00,1900-01-01 19:19:00,0:21,Plano,Residential
100,2017-08-02,44.98,10.0,0.2223,1900-01-01 19:30:00,1900-01-01 20:08:00,0:38,Lewisville,Residential
101,2017-08-02,38.1,11.9,0.3123,1900-01-01 20:21:00,1900-01-01 20:51:00,0:30,Frisco,Residential
102,2017-08-02,14.61,4.0,0.2738,1900-01-01 21:23:00,1900-01-01 21:39:00,0:16,Frisco,Hotel
103,2017-08-04,60.62,7.0,0.1155,1900-01-01 17:33:00,1900-01-01 18:04:00,0:31,Frisco,Hotel
104,2017-08-04,54.29,5.0,0.0921,1900-01-01 17:43:00,1900-01-01 18:23:00,0:40,Frisco,Residential
105,2017-08-04,30.74,4.26,0.1386,1900-01-01 18:33:00,1900-01-01 18:51:00,0:18,Frisco,Hotel
106,2017-08-04,20.24,5.0,0.247,1900-01-01 19:07:00,1900-01-01 19:43:00,0:36,The Colony,Residential
107,2017-08-04,24.36,3.0,0.1232,1900-01-01 19:09:00,1900-01-01 19:49:00,0:40,The Colony,Residential
108,2017-08-04,56.4,9.0,0.1596,1900-01-01 19:15:00,1900-01-01 19:53:00,0:38,The Colony,Residential
109,2017-08-04,54.13,7.87,0.1454,1900-01-01 20:02:00,1900-01-01 20:29:00,0:27,Plano,Apartment
110,2017-08-04,29.23,0.0,0.0,1900-01-01 20:09:00,1900-01-01 20:44:00,0:35,Plano,Residential
111,2017-08-05,27.01,6.0,0.2221,1900-01-01 16:35:00,1900-01-01 17:10:00,0:35,Plano,Apartment
112,2017-08-05,36.64,3.36,0.0917,1900-01-01 18:25:00,1900-01-01 18:58:00,0:33,Carrollton,Residential
113,2017-08-05,30.85,6.0,0.1945,1900-01-01 19:17:00,1900-01-01 19:53:00,0:36,Plano,Residential
114,2017-08-06,33.02,6.0,0.1817,1900-01-01 17:26:00,1900-01-01 17:55:00,0:29,Frisco,Residential
115,2017-08-06,35.18,5.0,0.1421,1900-01-01 18:14:00,1900-01-01 18:45:00,0:31,Frisco,Residential
116,2017-08-06,34.64,4.0,0.1155,1900-01-01 18:18:00,1900-01-01 18:50:00,0:32,Frisco,Residential
117,2017-08-06,60.02,6.0,0.1,1900-01-01 18:15:00,1900-01-01 19:07:00,0:52,Frisco,Apartment
118,2017-08-06,47.31,10.0,0.2114,1900-01-01 19:15:00,1900-01-01 19:37:00,0:22,Frisco,Residential
119,2017-08-06,17.0,3.0,0.1765,1900-01-01 20:03:00,1900-01-01 20:39:00,0:36,The Colony,Apartment
120,2017-08-06,16.24,0.76,0.0468,1900-01-01 20:37:00,1900-01-01 21:13:00,0:36,Plano,Residential
121,2017-08-06,33.72,6.28,0.1862,1900-01-01 20:55:00,1900-01-01 21:35:00,0:40,Plano,Residential
122,2017-08-07,20.78,4.22,0.2031,1900-01-01 17:16:00,1900-01-01 17:48:00,0:32,Frisco,Residential
123,2017-08-07,35.13,7.0,0.1993,1900-01-01 17:22:00,1900-01-01 18:01:00,0:39,Frisco,Residential
124,2017-08-07,24.9,5.0,0.2008,1900-01-01 18:29:00,1900-01-01 18:51:00,0:22,Frisco,Residential
125,2017-08-07,31.01,1.99,0.0642,1900-01-01 18:52:00,1900-01-01 19:20:00,0:28,Frisco,Residential
126,2017-08-07,122.27,20.0,0.1636,1900-01-01 19:22:00,1900-01-01 19:54:00,0:32,Plano,Residential
127,2017-08-07,25.98,9.0,0.3464,1900-01-01 20:21:00,1900-01-01 20:52:00,0:31,Frisco,Hotel
128,2017-08-07,28.9,5.0,0.173,1900-01-01 20:26:00,1900-01-01 20:58:00,0:32,Frisco,Hotel
129,2017-08-07,30.8,6.0,0.1948,1900-01-01 20:26:00,1900-01-01 21:10:00,0:44,Frisco,Residential
130,2017-08-07,35.18,6.0,0.1706,1900-01-01 21:52:00,1900-01-01 22:14:00,0:22,Plano,Apartment
131,2017-08-09,18.89,4.11,0.2176,1900-01-01 17:20:00,1900-01-01 17:46:00,0:26,Frisco,Residential
132,2017-08-09,52.18,5.0,0.0958,1900-01-01 17:54:00,1900-01-01 18:37:00,0:43,Frisco,Residential
133,2017-08-09,42.98,6.0,0.1396,1900-01-01 18:06:00,1900-01-01 18:42:00,0:36,Frisco,Residential
134,2017-08-09,45.68,5.0,0.1095,1900-01-01 18:07:00,1900-01-01 18:51:00,0:44,Frisco,Residential
135,2017-08-09,20.57,8.0,0.3889,1900-01-01 18:59:00,1900-01-01 19:35:00,0:36,Carrollton,Residential
136,2017-08-09,28.69,21.31,0.7428,1900-01-01 20:10:00,1900-01-01 20:30:00,0:20,Frisco,Residential
137,2017-08-11,58.46,10.0,0.1711,1900-01-01 17:06:00,1900-01-01 17:45:00,0:39,Plano,Residential
138,2017-08-11,44.06,7.0,0.1589,1900-01-01 17:17:00,1900-01-01 17:57:00,0:40,Plano,Residential
139,2017-08-11,43.73,10.0,0.2287,1900-01-01 18:21:00,1900-01-01 18:44:00,0:23,Frisco,Residential
140,2017-08-11,56.83,10.0,0.176,1900-01-01 19:07:00,1900-01-01 19:37:00,0:30,Frisco,Residential
141,2017-08-11,22.41,10.0,0.4462,1900-01-01 20:02:00,1900-01-01 20:28:00,0:26,Plano,Hotel
142,2017-08-11,37.02,8.0,0.2161,1900-01-01 20:45:00,1900-01-01 20:45:00,0:00,Plano,Residential
143,2017-08-12,27.06,4.0,0.1478,1900-01-01 16:59:00,1900-01-01 17:36:00,0:37,Frisco,Apartment
144,2017-08-12,17.59,5.0,0.2843,1900-01-01 17:10:00,1900-01-01 17:50:00,0:40,Frisco,Apartment
145,2017-08-12,38.1,5.0,0.1312,1900-01-01 17:49:00,1900-01-01 18:20:00,0:31,Plano,Residential
146,2017-08-12,38.7,4.0,0.1034,1900-01-01 18:30:00,1900-01-01 19:05:00,0:35,Plano,Residential
147,2017-08-12,46.22,3.7800000000000002,0.0818,1900-01-01 19:25:00,1900-01-01 20:02:00,0:37,The Colony,Residential
148,2017-08-12,67.01,12.99,0.1939,1900-01-01 19:34:00,1900-01-01 20:21:00,0:47,Frisco,Residential
149,2017-08-12,22.41,7.59,0.3387,1900-01-01 20:26:00,1900-01-01 21:02:00,0:36,Frisco,Residential
150,2017-08-13,25.66,5.34,0.2081,1900-01-01 17:09:00,1900-01-01 17:40:00,0:31,Plano,Apartment
151,2017-08-13,36.97,1.5,0.0406,1900-01-01 17:55:00,1900-01-01 18:20:00,0:25,Plano,Residential
152,2017-08-13,18.89,3.11,0.1646,1900-01-01 18:17:00,1900-01-01 18:57:00,0:40,Frisco,Apartment
153,2017-08-13,20.78,5.0,0.2406,1900-01-01 18:45:00,1900-01-01 19:36:00,0:51,Frisco,Residential
154,2017-08-13,42.59,8.0,0.1878,1900-01-01 18:59:00,1900-01-01 19:46:00,0:47,Frisco,Residential
155,2017-08-13,17.32,5.0,0.2887,1900-01-01 19:45:00,1900-01-01 20:28:00,0:43,Plano,Apartment
156,2017-08-13,22.95,5.05,0.22,1900-01-01 20:15:00,1900-01-01 20:57:00,0:42,Frisco,Apartment
157,2017-08-13,63.59,2.41,0.0379,1900-01-01 20:47:00,1900-01-01 21:40:00,0:53,Frisco,Residential
158,2017-08-18,18.4,3.0,0.163,1900-01-01 17:11:00,1900-01-01 17:27:00,0:16,Plano,Residential
159,2017-08-18,46.44,6.0,0.1292,1900-01-01 17:27:00,1900-01-01 17:59:00,0:32,Frisco,Residential
160,2017-08-18,36.26,5.0,0.1379,1900-01-01 18:21:00,1900-01-01 18:39:00,0:18,Plano,Residential
161,2017-08-18,29.66,8.0,0.2697,1900-01-01 18:48:00,1900-01-01 19:32:00,0:44,Frisco,Residential
162,2017-08-18,86.49,16.0,0.185,1900-01-01 19:03:00,1900-01-01 19:49:00,0:46,Frisco,Residential
163,2017-08-18,14.61,3.0,0.2053,1900-01-01 19:37:00,1900-01-01 20:22:00,0:45,Plano,Residential
164,2017-08-18,63.18,10.0,0.1583,1900-01-01 19:37:00,1900-01-01 20:38:00,1:01,The Colony,Residential
165,2017-08-18,51.58,6.0,0.1163,1900-01-01 21:10:00,1900-01-01 21:32:00,0:22,Plano,Apartment
166,2017-08-19,36.21,3.0,0.0829,1900-01-01 17:30:00,1900-01-01 17:33:00,0:03,Frisco,Apartment
167,2017-08-19,31.07,6.8,0.2189,1900-01-01 17:09:00,1900-01-01 17:55:00,0:46,Frisco,Residential
168,2017-08-19,22.68,4.0,0.1764,1900-01-01 18:18:00,1900-01-01 18:37:00,0:19,Plano,Residential
169,2017-08-19,35.13,5.87,0.1671,1900-01-01 18:29:00,1900-01-01 19:03:00,0:34,Frisco,Residential
170,2017-08-19,16.51,3.49,0.2114,1900-01-01 19:38:00,1900-01-01 20:01:00,0:23,Frisco,Residential
171,2017-08-19,84.22,10.0,0.1187,1900-01-01 20:16:00,1900-01-01 20:46:00,0:30,Plano,Residential
172,2017-08-19,63.76,3.0,0.0471,1900-01-01 20:50:00,1900-01-01 21:17:00,0:27,Frisco,Residential
173,2017-08-20,36.16,8.0,0.2212,1900-01-01 16:49:00,1900-01-01 17:25:00,0:36,Frisco,Residential
174,2017-08-20,34.86,5.14,0.1474,1900-01-01 17:53:00,1900-01-01 18:23:00,0:30,Frisco,Apartment
175,2017-08-20,32.42,2.0,0.0617,1900-01-01 17:58:00,1900-01-01 18:46:00,0:48,Frisco,Apartment
176,2017-08-20,44.38,8.0,0.1803,1900-01-01 18:01:00,1900-01-01 18:32:00,0:31,Frisco,Hotel
177,2017-08-20,37.08,4.0,0.1079,1900-01-01 18:39:00,1900-01-01 19:20:00,0:41,Frisco,Residential
178,2017-08-20,33.5,4.0,0.1194,1900-01-01 18:56:00,1900-01-01 19:29:00,0:33,Frisco,Residential
179,2017-08-20,44.33,5.67,0.1279,1900-01-01 19:30:00,1900-01-01 20:06:00,0:36,Frisco,Apartment
180,2017-08-20,22.41,1.5899999999999999,0.071,1900-01-01 20:39:00,1900-01-01 21:06:00,0:27,Frisco,Residential
181,2017-08-20,26.2,5.0,0.1908,1900-01-01 21:22:00,1900-01-01 21:41:00,0:19,Plano,Apartment
182,2017-08-25,31.39,5.0,0.1593,1900-01-01 16:56:00,1900-01-01 17:34:00,0:38,Plano,Apartment
183,2017-08-25,39.51,4.0,0.1012,1900-01-01 17:08:00,1900-01-01 17:45:00,0:37,Plano,Residential
184,2017-08-25,37.02,5.0,0.1351,1900-01-01 17:57:00,1900-01-01 18:26:00,0:29,Plano,Residential
185,2017-08-25,134.72,20.0,0.1485,1900-01-01 18:45:00,1900-01-01 19:15:00,0:30,Plano,Residential
186,2017-08-25,22.68,4.0,0.1764,1900-01-01 18:50:00,1900-01-01 19:48:00,0:58,Plano,Apartment
187,2017-08-25,68.68,12.0,0.1747,1900-01-01 19:41:00,1900-01-01 20:18:00,0:37,Frisco,Residential
188,2017-08-25,27.82,5.0,0.1797,1900-01-01 20:43:00,1900-01-01 21:02:00,0:19,Plano,Residential
189,2017-08-26,73.07,10.0,0.1369,1900-01-01 17:48:00,1900-01-01 18:19:00,0:31,Frisco,Residential
190,2017-08-26,80.43,14.0,0.1741,1900-01-01 17:47:00,1900-01-01 18:28:00,0:41,Frisco,Residential
191,2017-08-26,86.11,5.0,0.0581,1900-01-01 19:45:00,1900-01-01 19:45:00,0:00,Frisco,Residential
192,2017-08-26,30.85,8.0,0.2593,1900-01-01 19:14:00,1900-01-01 19:50:00,0:36,Frisco,Residential
193,2017-08-26,85.57,10.0,0.1169,1900-01-01 20:13:00,1900-01-01 20:50:00,0:37,Frisco,Residential
194,2017-08-26,43.73,5.0,0.1143,1900-01-01 20:27:00,1900-01-01 21:03:00,0:36,Frisco,Residential
195,2017-08-26,53.53,7.0,0.1308,1900-01-01 21:33:00,1900-01-01 21:59:00,0:26,Plano,Apartment
196,2017-08-27,37.89,5.0,0.132,1900-01-01 16:37:00,1900-01-01 17:06:00,0:29,Plano,Residential
197,2017-08-27,23.49,3.0,0.1277,1900-01-01 17:06:00,1900-01-01 17:37:00,0:31,Frisco,Residential
198,2017-08-27,26.79,5.0,0.1866,1900-01-01 17:13:00,1900-01-01 18:04:00,0:51,Frisco,Apartment
199,2017-08-27,33.56,3.0,0.0894,1900-01-01 18:25:00,1900-01-01 18:53:00,0:28,Frisco,Apartment
200,2017-08-27,35.4,7.0,0.1977,1900-01-01 19:35:00,1900-01-01 20:01:00,0:26,Plano,Apartment
201,2017-08-27,22.41,2.0,0.0892,1900-01-01 19:36:00,1900-01-01 20:16:00,0:40,Plano,Residential
202,2017-08-27,48.98,5.0,0.1021,1900-01-01 20:15:00,1900-01-01 20:46:00,0:31,Frisco,Residential
203,2017-09-01,24.57,10.0,0.407,1900-01-01 17:00:00,1900-01-01 17:29:00,0:29,Plano,Residential
204,2017-09-01,38.92,4.0,0.1028,1900-01-01 18:25:00,1900-01-01 18:56:00,0:31,The Colony,Apartment
205,2017-09-01,34.26,10.0,0.2919,1900-01-01 19:11:00,1900-01-01 19:46:00,0:35,Frisco,Residential
206,2017-09-01,34.64,5.0,0.1443,1900-01-01 19:22:00,1900-01-01 19:59:00,0:37,Frisco,Residential
207,2017-09-01,96.23,20.0,0.2078,1900-01-01 19:24:00,1900-01-01 20:13:00,0:49,Frisco,Residential
208,2017-09-01,50.99,12.0,0.2353,1900-01-01 20:39:00,1900-01-01 21:06:00,0:27,Frisco,Residential
209,2017-09-01,21.65,6.35,0.2933,1900-01-01 20:40:00,1900-01-01 21:18:00,0:38,Frisco,Hotel
210,2017-09-01,36.26,8.0,0.2206,1900-01-01 21:50:00,1900-01-01 22:18:00,0:28,Frisco,Hotel
211,2017-09-02,72.37,7.0,0.0967,1900-01-01 17:28:00,1900-01-01 18:00:00,0:32,Plano,Residential
212,2017-09-02,35.13,5.0,0.1423,1900-01-01 17:39:00,1900-01-01 18:10:00,0:31,Plano,Residential
213,2017-09-02,49.69,10.09,0.2031,1900-01-01 18:57:00,1900-01-01 19:40:00,0:43,Frisco,Residential
214,2017-09-02,39.97,6.0,0.1501,1900-01-01 19:17:00,1900-01-01 19:59:00,0:42,Frisco,Residential
215,2017-09-02,119.56,20.0,0.1673,1900-01-01 19:09:00,1900-01-01 20:03:00,0:54,Frisco,Residential
216,2017-09-02,44.33,5.0,0.1128,1900-01-01 20:30:00,1900-01-01 20:58:00,0:28,Plano,Residential
217,2017-09-02,49.25,10.75,0.2183,1900-01-01 21:31:00,1900-01-01 21:48:00,0:17,Frisco,Residential
218,2017-09-03,20.57,2.43,0.1181,1900-01-01 16:47:00,1900-01-01 17:17:00,0:30,Plano,Residential
219,2017-09-03,19.7,4.0,0.203,1900-01-01 17:49:00,1900-01-01 18:11:00,0:22,Plano,Residential
220,2017-09-03,150.31,20.0,0.1331,1900-01-01 19:00:00,1900-01-01 19:00:00,0:00,Frisco,Residential
221,2017-09-03,37.35,4.0,0.1071,1900-01-01 18:24:00,1900-01-01 19:11:00,0:47,Frisco,Residential
222,2017-09-03,27.01,7.99,0.2958,1900-01-01 19:16:00,1900-01-01 19:38:00,0:22,Frisco,Hotel
223,2017-09-03,22.14,3.0,0.1355,1900-01-01 19:11:00,1900-01-01 19:57:00,0:46,Frisco,Residential
224,2017-09-03,44.82,6.0,0.1339,1900-01-01 19:18:00,1900-01-01 20:12:00,0:54,Frisco,Residential
225,2017-09-04,38.92,5.0,0.1285,1900-01-01 16:53:00,1900-01-01 17:22:00,0:29,Frisco,Residential
226,2017-09-04,26.74,5.0,0.187,1900-01-01 17:00:00,1900-01-01 17:30:00,0:30,Frisco,Residential
227,2017-09-04,21.05,5.0,0.2375,1900-01-01 17:49:00,1900-01-01 18:26:00,0:37,The Colony,Residential
228,2017-09-04,19.7,1.3,0.066,1900-01-01 18:02:00,1900-01-01 18:49:00,0:47,Frisco,Residential
229,2017-09-04,88.17,13.0,0.1474,1900-01-01 17:51:00,1900-01-01 19:03:00,1:12,Frisco,Residential
230,2017-09-04,48.66,5.0,0.1028,1900-01-01 18:25:00,1900-01-01 19:09:00,0:44,Frisco,Residential
231,2017-09-04,79.24,3.0,0.0379,1900-01-01 18:59:00,1900-01-01 19:40:00,0:41,Plano,Residential
232,2017-09-04,22.41,5.0,0.2231,1900-01-01 19:20:00,1900-01-01 19:50:00,0:30,The Colony,Apartment
233,2017-09-04,21.92,2.0,0.0912,1900-01-01 20:14:00,1900-01-01 20:48:00,0:34,Plano,Apartment
234,2017-09-04,21.38,18.62,0.8709,1900-01-01 20:57:00,1900-01-01 21:17:00,0:20,Frisco,Residential
235,2017-09-10,26.2,15.8,0.6031,1900-01-01 17:10:00,1900-01-01 17:38:00,0:28,Frisco,Residential
236,2017-09-10,36.43,5.0,0.1372,1900-01-01 17:12:00,1900-01-01 17:49:00,0:37,Frisco,Residential
237,2017-09-10,23.24,3.0,0.1291,1900-01-01 17:12:00,1900-01-01 18:00:00,0:48,Plano,Residential
238,2017-09-10,49.25,10.75,0.2183,1900-01-01 18:23:00,1900-01-01 18:56:00,0:33,Frisco,Residential
239,2017-09-10,21.33,3.67,0.1721,1900-01-01 18:29:00,1900-01-01 19:08:00,0:39,Frisco,Residential
240,2017-09-10,28.09,5.0,0.178,1900-01-01 18:37:00,1900-01-01 19:29:00,0:52,Frisco,Residential
241,2017-09-10,20.57,5.0,0.2431,1900-01-01 19:37:00,1900-01-01 20:19:00,0:42,Frisco,Residential
242,2017-09-10,19.7,2.0,0.1015,1900-01-01 20:08:00,1900-01-01 20:33:00,0:25,Frisco,Residential
243,2017-09-10,53.8,10.0,0.1859,1900-01-01 20:22:00,1900-01-01 21:05:00,0:43,Plano,Residential
244,2017-09-10,19.7,3.0,0.1523,1900-01-01 20:25:00,1900-01-01 21:13:00,0:48,Plano,Residential
245,2017-09-15,44.82,8.0,0.1785,1900-01-01 16:11:00,1900-01-01 17:00:00,0:49,Frisco,Residential
246,2017-09-15,47.79,10.0,0.2092,1900-01-01 17:33:00,1900-01-01 18:07:00,0:34,Plano,Residential
247,2017-09-15,75.88,15.0,0.1977,1900-01-01 19:15:00,1900-01-01 19:15:00,0:00,Frisco,Residential
248,2017-09-15,63.54,12.0,0.1889,1900-01-01 18:39:00,1900-01-01 19:28:00,0:49,Frisco,Residential
249,2017-09-15,34.86,3.0,0.0861,1900-01-01 19:40:00,1900-01-01 20:09:00,0:29,Frisco,Residential
250,2017-09-15,20.24,4.76,0.2352,1900-01-01 19:49:00,1900-01-01 20:23:00,0:34,Frisco,Residential
251,2017-09-15,19.16,5.0,0.261,1900-01-01 21:00:00,1900-01-01 21:21:00,0:21,Plano,Residential
252,2017-09-16,38.32,6.0,0.1566,1900-01-01 16:53:00,1900-01-01 17:11:00,0:18,Plano,Hotel
253,2017-09-16,36.81,8.0,0.2173,1900-01-01 17:46:00,1900-01-01 18:13:00,0:27,The Colony,Residential
254,2017-09-16,34.32,5.68,0.1655,1900-01-01 17:53:00,1900-01-01 18:23:00,0:30,Plano,Residential
255,2017-09-16,21.18,8.0,0.3777,1900-01-01 18:29:00,1900-01-01 19:18:00,0:49,Frisco,Residential
256,2017-09-16,87.68,20.0,0.2281,1900-01-01 18:36:00,1900-01-01 19:01:00,0:25,Frisco,Hotel
257,2017-09-16,50.5,15.0,0.297,1900-01-01 18:41:00,1900-01-01 19:23:00,0:42,Frisco,Residential
258,2017-09-16,33.72,6.28,0.1862,1900-01-01 19:47:00,1900-01-01 20:09:00,0:22,Frisco,Residential
259,2017-09-16,32.96,7.04,0.2136,1900-01-01 20:16:00,1900-01-01 20:46:00,0:30,The Colony,Apartment
260,2017-09-16,52.39,8.61,0.1643,1900-01-01 20:45:00,1900-01-01 21:12:00,0:27,Frisco,Hotel
261,2017-09-16,28.9,3.1,0.1073,1900-01-01 20:49:00,1900-01-01 21:32:00,0:43,Frisco,Residential
262,2017-09-17,22.41,5.0,0.2231,1900-01-01 16:55:00,1900-01-01 17:31:00,0:36,Frisco,Apartment
263,2017-09-17,18.35,3.65,0.1989,1900-01-01 17:25:00,1900-01-01 18:05:00,0:40,Plano,Residential
264,2017-09-17,46.98,3.02,0.0643,1900-01-01 17:44:00,1900-01-01 18:15:00,0:31,Plano,Residential
265,2017-09-17,38.59,6.0,0.1555,1900-01-01 18:19:00,1900-01-01 18:59:00,0:40,Frisco,Residential
266,2017-09-17,24.84,8.16,0.3285,1900-01-01 18:05:00,1900-01-01 19:07:00,1:02,Frisco,Residential
267,2017-09-17,29.99,8.01,0.2671,1900-01-01 18:18:00,1900-01-01 19:15:00,0:57,Frisco,Residential
268,2017-09-17,31.39,5.0,0.1593,1900-01-01 19:16:00,1900-01-01 19:47:00,0:31,Plano,Residential
269,2017-09-22,31.07,6.93,0.223,1900-01-01 16:46:00,1900-01-01 17:17:00,0:31,Frisco,Residential
270,2017-09-23,40.49,5.0,0.1235,1900-01-01 17:24:00,1900-01-01 17:46:00,0:22,The Colony,Apartment
271,2017-09-23,24.03,6.0,0.2497,1900-01-01 18:30:00,1900-01-01 19:02:00,0:32,Frisco,Residential
272,2017-09-23,58.4,10.0,0.1712,1900-01-01 18:32:00,1900-01-01 19:15:00,0:43,Frisco,Residential
273,2017-09-23,18.89,4.11,0.2176,1900-01-01 18:34:00,1900-01-01 19:25:00,0:51,Frisco,Residential
274,2017-09-23,42.38,10.0,0.236,1900-01-01 19:45:00,1900-01-01 19:58:00,0:13,Plano,Hotel
275,2017-09-23,25.66,5.33,0.2077,1900-01-01 20:00:00,1900-01-01 20:21:00,0:21,Plano,Apartment
276,2017-09-23,23.82,5.0,0.2099,1900-01-01 21:03:00,1900-01-01 21:19:00,0:16,Plano,Hotel
277,2017-09-24,48.39,5.0,0.1033,1900-01-01 16:34:00,1900-01-01 17:12:00,0:38,Frisco,Residential
278,2017-09-24,58.83,8.0,0.136,1900-01-01 17:27:00,1900-01-01 17:55:00,0:28,Frisco,Residential
279,2017-09-24,17.81,5.0,0.2807,1900-01-01 17:25:00,1900-01-01 18:13:00,0:48,Frisco,Residential
280,2017-09-24,20.24,10.0,0.4941,1900-01-01 17:32:00,1900-01-01 18:22:00,0:50,Frisco,Residential
281,2017-09-24,27.55,5.0,0.1815,1900-01-01 18:09:00,1900-01-01 18:56:00,0:47,The Colony,Residential
282,2017-09-24,38.65,10.35,0.2678,1900-01-01 19:16:00,1900-01-01 19:53:00,0:37,Frisco,Residential
283,2017-09-24,32.95,2.0,0.0607,1900-01-01 19:19:00,1900-01-01 20:19:00,1:00,Frisco,Residential
284,2017-09-24,24.84,5.0,0.2013,1900-01-01 19:28:00,1900-01-01 19:59:00,0:31,Frisco,Residential
285,2017-09-24,18.35,6.0,0.327,1900-01-01 20:22:00,1900-01-01 20:42:00,0:20,Frisco,Residential
286,2017-09-24,13.48,8.52,0.632,1900-01-01 21:15:00,1900-01-01 21:28:00,0:13,Frisco,Residential
287,2017-09-29,230.25,30.75,0.1336,1900-01-01 17:30:00,1900-01-01 17:30:00,0:00,Plano,Business
288,2017-09-29,35.56,4.0,0.1125,1900-01-01 17:58:00,1900-01-01 18:43:00,0:45,Frisco,Residential
289,2017-09-29,15.16,3.84,0.2533,1900-01-01 18:10:00,1900-01-01 19:03:00,0:53,Frisco,Residential
290,2017-09-29,30.2,5.0,0.1656,1900-01-01 18:59:00,1900-01-01 19:32:00,0:33,Plano,Residential
291,2017-09-29,18.4,5.0,0.2717,1900-01-01 19:40:00,1900-01-01 20:03:00,0:23,Frisco,Residential
292,2017-09-29,29.77,5.0,0.168,1900-01-01 20:19:00,1900-01-01 20:43:00,0:24,Plano,Hotel
293,2017-09-30,31.88,2.0,0.0627,1900-01-01 17:18:00,1900-01-01 17:43:00,0:25,Frisco,Residential
294,2017-09-30,24.9,7.0,0.2811,1900-01-01 18:33:00,1900-01-01 19:05:00,0:32,Plano,Residential
295,2017-09-30,31.39,6.0,0.1911,1900-01-01 19:37:00,1900-01-01 20:14:00,0:37,Frisco,Hotel
296,2017-09-30,28.36,5.0,0.1763,1900-01-01 19:44:00,1900-01-01 20:35:00,0:51,Plano,Apartment
297,2017-10-01,74.58,10.0,0.1341,1900-01-01 16:48:00,1900-01-01 17:23:00,0:35,Frisco,Residential
298,2017-10-01,25.66,5.34,0.2081,1900-01-01 17:44:00,1900-01-01 18:30:00,0:46,Frisco,Residential
299,2017-10-01,25.66,5.0,0.1949,1900-01-01 17:57:00,1900-01-01 18:38:00,0:41,Frisco,Residential
300,2017-10-01,54.13,5.0,0.0924,1900-01-01 18:02:00,1900-01-01 18:48:00,0:46,Frisco,Residential
301,2017-10-01,20.51,4.0,0.195,1900-01-01 18:52:00,1900-01-01 19:24:00,0:32,Plano,Apartment
302,2017-10-01,24.84,4.0,0.161,1900-01-01 20:03:00,1900-01-01 20:37:00,0:34,Frisco,Apartment
303,2017-10-01,18.62,4.0,0.2148,1900-01-01 20:05:00,1900-01-01 20:47:00,0:42,Frisco,Residential
304,2017-10-01,43.25,5.0,0.1156,1900-01-01 21:27:00,1900-01-01 21:51:00,0:24,Plano,Apartment
305,2017-10-08,34.64,10.0,0.2887,1900-01-01 16:20:00,1900-01-01 17:05:00,0:45,Frisco,Apartment
306,2017-10-08,43.73,4.0,0.0915,1900-01-01 17:30:00,1900-01-01 17:52:00,0:22,Frisco,Residential
307,2017-10-08,29.17,3.0,0.1028,1900-01-01 18:04:00,1900-01-01 18:36:00,0:32,Plano,Residential
308,2017-10-08,32.75,5.0,0.1527,1900-01-01 18:48:00,1900-01-01 19:08:00,0:20,Frisco,Residential
309,2017-10-08,36.43,7.0,0.1921,1900-01-01 19:05:00,1900-01-01 19:38:00,0:33,Frisco,Residential
310,2017-10-08,43.25,11.75,0.2717,1900-01-01 19:58:00,1900-01-01 20:26:00,0:28,Frisco,Hotel
311,2017-10-08,55.69,8.0,0.1437,1900-01-01 19:54:00,1900-01-01 20:46:00,0:52,Frisco,Residential
312,2017-10-08,34.32,10.0,0.2914,1900-01-01 21:03:00,1900-01-01 21:41:00,0:38,Frisco,Residential
313,2017-10-08,24.03,4.97,0.2068,1900-01-01 21:12:00,1900-01-01 21:59:00,0:47,Frisco,Residential
314,2017-10-08,36.16,5.84,0.1615,1900-01-01 21:47:00,1900-01-01 22:38:00,0:51,Plano,Residential
315,2017-10-13,19.43,6.0,0.3088,1900-01-01 17:32:00,1900-01-01 17:59:00,0:27,Frisco,Residential
316,2017-10-13,32.75,5.0,0.1527,1900-01-01 18:16:00,1900-01-01 18:50:00,0:34,Frisco,Residential
317,2017-10-13,40.54,5.0,0.1233,1900-01-01 18:22:00,1900-01-01 19:00:00,0:38,Frisco,Residential
318,2017-10-13,64.84,12.0,0.1851,1900-01-01 18:24:00,1900-01-01 19:17:00,0:53,Frisco,Residential
319,2017-10-13,109.87,10.13,0.0922,1900-01-01 18:14:00,1900-01-01 19:30:00,1:16,Frisco,Residential
320,2017-10-13,37.83,5.0,0.1322,1900-01-01 19:29:00,1900-01-01 20:12:00,0:43,Plano,Residential
321,2017-10-13,19.49,10.51,0.5393,1900-01-01 20:24:00,1900-01-01 20:39:00,0:15,Frisco,Residential
322,2017-10-13,46.71,8.0,0.1713,1900-01-01 20:07:00,1900-01-01 20:48:00,0:41,Frisco,Residential
323,2017-10-13,23.76,20.0,0.8418,1900-01-01 20:02:00,1900-01-01 21:06:00,1:04,Frisco,Residential
324,2017-10-14,203.15,25.0,0.1231,1900-01-01 17:52:00,1900-01-01 18:30:00,0:38,Frisco,Residential
325,2017-10-14,28.09,10.0,0.356,1900-01-01 18:59:00,1900-01-01 19:43:00,0:44,Plano,Residential
326,2017-10-14,43.52,8.0,0.1838,1900-01-01 19:48:00,1900-01-01 20:24:00,0:36,Frisco,Residential
327,2017-10-14,65.44,6.5600000000000005,0.1002,1900-01-01 19:37:00,1900-01-01 20:38:00,1:01,Frisco,Residential
328,2017-10-14,59.16,8.0,0.1352,1900-01-01 19:56:00,1900-01-01 20:54:00,0:58,Frisco,Apartment
329,2017-10-14,28.9,5.1,0.1765,1900-01-01 21:31:00,1900-01-01 21:53:00,0:22,Frisco,Hotel
330,2017-10-15,22.41,3.0,0.1339,1900-01-01 16:25:00,1900-01-01 17:00:00,0:35,Plano,Apartment
331,2017-10-15,34.64,4.0,0.1155,1900-01-01 17:41:00,1900-01-01 18:15:00,0:34,Frisco,Residential
332,2017-10-15,29.23,3.0,0.1026,1900-01-01 17:43:00,1900-01-01 18:22:00,0:39,Frisco,Apartment
333,2017-10-15,80.97,7.0,0.0865,1900-01-01 17:45:00,1900-01-01 18:32:00,0:47,Frisco,Residential
334,2017-10-15,44.38,10.0,0.2253,1900-01-01 18:26:00,1900-01-01 19:12:00,0:46,Frisco,Residential
335,2017-10-15,33.23,5.0,0.1505,1900-01-01 18:55:00,1900-01-01 19:48:00,0:53,Frisco,Residential
336,2017-10-15,23.82,5.0,0.2099,1900-01-01 19:02:00,1900-01-01 19:58:00,0:56,Frisco,Residential
337,2017-10-15,19.7,5.3,0.269,1900-01-01 19:01:00,1900-01-01 20:06:00,1:05,Frisco,Residential
338,2017-10-15,41.03,8.0,0.195,1900-01-01 19:04:00,1900-01-01 20:17:00,1:13,Frisco,Residential
339,2017-10-15,18.89,4.0,0.2118,1900-01-01 20:39:00,1900-01-01 21:07:00,0:28,Plano,Apartment
340,2017-10-20,37.29,10.0,0.2682,1900-01-01 17:53:00,1900-01-01 18:15:00,0:22,Frisco,Residential
341,2017-10-20,47.79,11.0,0.2302,1900-01-01 17:42:00,1900-01-01 18:23:00,0:41,Frisco,Residential
342,2017-10-20,18.62,5.0,0.2685,1900-01-01 17:54:00,1900-01-01 18:34:00,0:40,Frisco,Residential
343,2017-10-20,34.32,4.0,0.1166,1900-01-01 18:56:00,1900-01-01 19:19:00,0:23,Frisco,Residential
344,2017-10-20,36.48,6.52,0.1787,1900-01-01 18:41:00,1900-01-01 19:34:00,0:53,Frisco,Residential
345,2017-10-20,62.19,8.0,0.1286,1900-01-01 18:44:00,1900-01-01 19:42:00,0:58,Frisco,Residential
346,2017-10-20,30.53,5.0,0.1638,1900-01-01 19:55:00,1900-01-01 20:34:00,0:39,Frisco,Apartment
347,2017-10-20,25.66,4.0,0.1559,1900-01-01 20:08:00,1900-01-01 20:42:00,0:34,Frisco,Apartment
348,2017-10-20,73.23,10.0,0.1366,1900-01-01 19:56:00,1900-01-01 20:53:00,0:57,Frisco,Residential
349,2017-10-20,22.95,4.05,0.1765,1900-01-01 20:06:00,1900-01-01 21:03:00,0:57,Frisco,Residential
350,2017-10-21,16.18,4.0,0.2472,1900-01-01 16:57:00,1900-01-01 17:24:00,0:27,Frisco,Residential
351,2017-10-21,35.4,4.6,0.1299,1900-01-01 18:01:00,1900-01-01 18:31:00,0:30,Plano,Hotel
352,2017-10-21,34.32,5.0,0.1457,1900-01-01 19:14:00,1900-01-01 19:42:00,0:28,Frisco,Residential
353,2017-10-21,25.38,10.0,0.394,1900-01-01 18:58:00,1900-01-01 19:50:00,0:52,Frisco,Residential
354,2017-10-21,68.68,6.0,0.0874,1900-01-01 19:03:00,1900-01-01 19:59:00,0:56,Frisco,Residential
355,2017-10-21,34.86,6.0,0.1721,1900-01-01 19:03:00,1900-01-01 20:06:00,1:03,Frisco,Residential
356,2017-10-21,39.97,7.0,0.1751,1900-01-01 20:05:00,1900-01-01 20:40:00,0:35,Frisco,Business
357,2017-10-22,27.06,6.0,0.2217,1900-01-01 17:23:00,1900-01-01 17:58:00,0:35,Plano,Residential
358,2017-10-22,57.75,6.0,0.1039,1900-01-01 17:33:00,1900-01-01 18:04:00,0:31,Plano,Residential
359,2017-10-22,19.7,4.0,0.203,1900-01-01 18:12:00,1900-01-01 19:07:00,0:55,The Colony,Apartment
360,2017-10-22,41.89,11.11,0.2652,1900-01-01 18:58:00,1900-01-01 19:38:00,0:40,Plano,Hotel
361,2017-10-22,24.84,5.0,0.2013,1900-01-01 19:30:00,1900-01-01 20:06:00,0:36,The Colony,Apartment
362,2017-10-22,10.83,3.0,0.277,1900-01-01 19:40:00,1900-01-01 20:24:00,0:44,The Colony,Apartment
363,2017-10-27,44.06,4.9399999999999995,0.1121,1900-01-01 16:54:00,1900-01-01 17:29:00,0:35,Frisco,Apartment
364,2017-10-27,26.2,5.0,0.1908,1900-01-01 16:52:00,1900-01-01 17:44:00,0:52,Frisco,Residential
365,2017-10-27,38.97,6.0,0.154,1900-01-01 17:05:00,1900-01-01 18:00:00,0:55,Frisco,Residential
366,2017-10-27,29.99,3.0,0.1,1900-01-01 17:57:00,1900-01-01 18:41:00,0:44,The Colony,Apartment
367,2017-10-27,49.69,5.0,0.1006,1900-01-01 18:01:00,1900-01-01 18:52:00,0:51,Plano,Residential
368,2017-10-27,29.99,5.0,0.1667,1900-01-01 18:55:00,1900-01-01 19:29:00,0:34,Carrollton,Residential
369,2017-10-27,26.25,13.75,0.5238,1900-01-01 19:57:00,1900-01-01 20:14:00,0:17,Frisco,Residential
370,2017-10-27,36.21,8.79,0.2428,1900-01-01 20:06:00,1900-01-01 20:47:00,0:41,Frisco,Residential
371,2017-10-27,28.9,5.0,0.173,1900-01-01 20:13:00,1900-01-01 21:00:00,0:47,Frisco,Residential
372,2017-11-03,56.72,10.0,0.1763,1900-01-01 16:26:00,1900-01-01 17:21:00,0:55,Carrollton,Residential
373,2017-11-03,19.76,4.0,0.2024,1900-01-01 17:46:00,1900-01-01 18:26:00,0:40,Plano,Residential
374,2017-11-03,35.72,7.0,0.196,1900-01-01 19:00:00,1900-01-01 19:41:00,0:41,The Colony,Residential
375,2017-11-03,82.05,12.0,0.1463,1900-01-01 19:07:00,1900-01-01 19:58:00,0:51,Frisco,Residential
376,2017-11-03,55.69,5.0,0.0898,1900-01-01 19:09:00,1900-01-01 20:04:00,0:55,Frisco,Residential
377,2017-11-03,65.17,16.0,0.2455,1900-01-01 19:18:00,1900-01-01 20:16:00,0:58,Frisco,Residential
378,2017-11-03,111.61,15.0,0.1344,1900-01-01 20:14:00,1900-01-01 20:54:00,0:40,Plano,Business
379,2017-11-03,97.8,15.0,0.1534,1900-01-01 20:10:00,1900-01-01 21:09:00,0:59,Plano,Residential
380,2017-11-03,22.41,5.0,0.2231,1900-01-01 20:26:00,1900-01-01 21:16:00,0:50,Plano,Residential
381,2017-11-04,60.62,10.0,0.165,1900-01-01 17:39:00,1900-01-01 18:06:00,0:27,Frisco,Hotel
382,2017-11-04,23.76,3.0,0.1263,1900-01-01 17:43:00,1900-01-01 18:23:00,0:40,Frisco,Apartment
383,2017-11-04,26.74,4.0,0.1496,1900-01-01 18:49:00,1900-01-01 19:28:00,0:39,Frisco,Residential
384,2017-11-04,24.3,4.0,0.1646,1900-01-01 18:45:00,1900-01-01 19:38:00,0:53,Frisco,Residential
385,2017-11-04,51.58,4.0,0.0775,1900-01-01 18:57:00,1900-01-01 19:43:00,0:46,Frisco,Residential
386,2017-11-04,54.67,10.33,0.189,1900-01-01 18:49:00,1900-01-01 20:04:00,1:15,McKinney,Residential
387,2017-11-05,50.77,8.0,0.1576,1900-01-01 16:40:00,1900-01-01 17:19:00,0:39,Frisco,Residential
388,2017-11-05,33.22,11.0,0.3311,1900-01-01 16:45:00,1900-01-01 17:32:00,0:47,Frisco,Residential
389,2017-11-05,40.59,7.0,0.1725,1900-01-01 16:43:00,1900-01-01 17:43:00,1:00,Frisco,Residential
390,2017-11-05,35.18,3.0,0.0853,1900-01-01 18:05:00,1900-01-01 18:48:00,0:43,Frisco,Residential
391,2017-11-05,17.86,3.0,0.168,1900-01-01 18:26:00,1900-01-01 18:59:00,0:33,Frisco,Residential
392,2017-11-05,54.02,20.0,0.3702,1900-01-01 18:19:00,1900-01-01 19:16:00,0:57,Frisco,Residential
393,2017-11-05,35.67,4.33,0.1214,1900-01-01 19:35:00,1900-01-01 19:54:00,0:19,Plano,Residential
394,2017-11-05,29.71,5.29,0.1781,1900-01-01 19:28:00,1900-01-01 20:05:00,0:37,Frisco,Residential
395,2017-11-05,51.91,10.0,0.1926,1900-01-01 19:30:00,1900-01-01 20:15:00,0:45,Frisco,Residential
396,2017-11-10,75.99,14.01,0.1844,1900-01-01 17:31:00,1900-01-01 17:57:00,0:26,Plano,Residential
397,2017-11-10,15.16,3.0,0.1979,1900-01-01 17:31:00,1900-01-01 18:04:00,0:33,Plano,Residential
398,2017-11-10,27.55,17.45,0.6334,1900-01-01 18:24:00,1900-01-01 18:56:00,0:32,Frisco,Residential
399,2017-11-10,57.21,10.0,0.1748,1900-01-01 19:30:00,1900-01-01 19:30:00,0:00,Plano,Residential
400,2017-11-10,45.68,10.0,0.2189,1900-01-01 20:30:00,1900-01-01 20:57:00,0:27,Frisco,Residential
401,2017-11-11,32.96,6.05,0.1836,1900-01-01 16:35:00,1900-01-01 17:13:00,0:38,Frisco,Residential
402,2017-11-11,64.84,15.16,0.2338,1900-01-01 16:49:00,1900-01-01 17:28:00,0:39,Frisco,Residential
403,2017-11-11,44.38,7.0,0.1577,1900-01-01 17:33:00,1900-01-01 18:02:00,0:29,Plano,Residential
404,2017-11-11,33.77,6.0,0.1777,1900-01-01 17:55:00,1900-01-01 18:38:00,0:43,Plano,Hotel
405,2017-11-11,35.94,11.0,0.3061,1900-01-01 18:01:00,1900-01-01 18:56:00,0:55,Plano,Residential
406,2017-11-11,33.56,3.0,0.0894,1900-01-01 18:08:00,1900-01-01 19:10:00,1:02,Plano,Apartment
407,2017-11-11,93.26,18.0,0.193,1900-01-01 20:17:00,1900-01-01 20:42:00,0:25,Frisco,Residential
408,2017-11-12,37.78,5.0,0.1323,1900-01-01 15:48:00,1900-01-01 16:34:00,0:46,Frisco,Residential
409,2017-11-12,34.1,6.0,0.176,1900-01-01 17:22:00,1900-01-01 17:47:00,0:25,Plano,Hotel
410,2017-11-12,62.73,8.0,0.1275,1900-01-01 17:43:00,1900-01-01 18:24:00,0:41,Frisco,Residential
411,2017-11-12,21.05,6.0,0.285,1900-01-01 18:34:00,1900-01-01 19:01:00,0:27,The Colony,Residential
412,2017-11-12,32.45,5.0,0.1541,1900-01-01 18:37:00,1900-01-01 19:11:00,0:34,The Colony,Residential
413,2017-11-12,38.1,10.0,0.2625,1900-01-01 19:16:00,1900-01-01 19:39:00,0:23,Frisco,Residential
414,2017-11-12,32.91,5.0,0.1519,1900-01-01 19:36:00,1900-01-01 20:07:00,0:31,Frisco,Hotel
415,2017-11-12,22.41,3.0,0.1339,1900-01-01 20:16:00,1900-01-01 20:47:00,0:31,Plano,Residential
416,2017-11-19,55.05,5.0,0.0908,1900-01-01 16:50:00,1900-01-01 17:25:00,0:35,Plano,Hotel
417,2017-11-19,51.09,8.0,0.1566,1900-01-01 17:05:00,1900-01-01 17:38:00,0:33,Frisco,Residential
418,2017-11-19,37.78,6.0,0.1588,1900-01-01 16:59:00,1900-01-01 17:49:00,0:50,Frisco,Residential
419,2017-11-19,41.62,8.0,0.1922,1900-01-01 18:12:00,1900-01-01 18:42:00,0:30,Frisco,Residential
420,2017-11-19,47.85,7.0,0.1463,1900-01-01 18:13:00,1900-01-01 18:54:00,0:41,Frisco,Residential
421,2017-11-19,59.43,10.57,0.1779,1900-01-01 19:00:00,1900-01-01 19:35:00,0:35,Plano,Residential
422,2017-11-19,47.97,5.0,0.1042,1900-01-01 19:01:00,1900-01-01 19:47:00,0:46,Plano,Apartment
423,2017-11-19,32.96,4.0,0.1214,1900-01-01 19:09:00,1900-01-01 19:56:00,0:47,Plano,Apartment
424,2017-11-19,30.26,5.0,0.1652,1900-01-01 19:41:00,1900-01-01 20:16:00,0:35,Plano,Apartment
425,2017-11-20,15.7,3.0,0.1911,1900-01-01 17:38:00,1900-01-01 18:21:00,0:43,Plano,Apartment
426,2017-11-20,40.54,8.0,0.1973,1900-01-01 17:33:00,1900-01-01 18:41:00,1:08,Frisco,Residential
427,2017-11-20,90.77,5.23,0.0576,1900-01-01 18:11:00,1900-01-01 19:30:00,1:19,Frisco,Residential
428,2017-11-20,22.41,6.59,0.2941,1900-01-01 19:41:00,1900-01-01 20:08:00,0:27,Frisco,Residential
429,2017-11-20,145.16,25.0,0.1722,1900-01-01 19:37:00,1900-01-01 20:21:00,0:44,Frisco,Residential
430,2017-11-22,154.69,15.0,0.097,1900-01-01 18:15:00,1900-01-01 18:15:00,0:00,Plano,Residential
431,2017-11-22,76.15,5.0,0.0657,1900-01-01 18:04:00,1900-01-01 19:03:00,0:59,Plano,Residential
432,2017-11-22,20.78,4.0,0.1925,1900-01-01 18:11:00,1900-01-01 19:16:00,1:05,Plano,Residential
433,2017-11-22,29.99,6.0,0.2001,1900-01-01 18:15:00,1900-01-01 19:26:00,1:11,Plano,Residential
434,2017-11-22,29.92,6.0,0.2005,1900-01-01 19:38:00,1900-01-01 20:16:00,0:38,Plano,Apartment
435,2017-11-22,52.07,7.93,0.1523,1900-01-01 19:48:00,1900-01-01 20:31:00,0:43,Plano,Residential
436,2017-11-24,35.07,5.93,0.1691,1900-01-01 16:46:00,1900-01-01 17:08:00,0:22,Frisco,Residential
437,2017-11-24,66.47,18.0,0.2708,1900-01-01 17:15:00,1900-01-01 17:43:00,0:28,The Colony,Residential
438,2017-11-24,58.99,5.01,0.0849,1900-01-01 17:53:00,1900-01-01 18:24:00,0:31,Plano,Apartment
439,2017-11-24,50.07,15.0,0.2996,1900-01-01 18:41:00,1900-01-01 19:10:00,0:29,Plano,Hotel
440,2017-11-24,83.46,20.0,0.2396,1900-01-01 18:32:00,1900-01-01 19:29:00,0:57,Frisco,Residential
441,2017-11-25,32.48,6.0,0.1847,1900-01-01 17:43:00,1900-01-01 18:23:00,0:40,Frisco,Apartment
442,2017-11-25,38.65,5.0,0.1294,1900-01-01 17:50:00,1900-01-01 18:37:00,0:47,Frisco,Residential
443,2017-11-25,54.34,10.66,0.1962,1900-01-01 17:59:00,1900-01-01 18:50:00,0:51,McKinney,Residential
444,2017-11-26,33.77,3.0,0.0888,1900-01-01 16:35:00,1900-01-01 17:22:00,0:47,The Colony,Residential
445,2017-11-26,28.36,8.0,0.2821,1900-01-01 17:52:00,1900-01-01 18:34:00,0:42,Frisco,Residential
446,2017-11-26,40.21,7.0,0.1741,1900-01-01 18:07:00,1900-01-01 18:40:00,0:33,Frisco,Residential
447,2017-11-26,27.06,7.9399999999999995,0.2934,1900-01-01 18:57:00,1900-01-01 19:23:00,0:26,Frisco,Residential
448,2017-11-26,31.88,7.0,0.2196,1900-01-01 19:55:00,1900-01-01 20:28:00,0:33,Frisco,Residential
449,2017-12-01,18.35,3.65,0.1989,1900-01-01 16:49:00,1900-01-01 17:18:00,0:29,Frisco,Residential
450,2017-12-01,36.48,5.0,0.1371,1900-01-01 16:53:00,1900-01-01 17:36:00,0:43,Frisco,Residential
451,2017-12-01,44.27,6.0,0.1355,1900-01-01 18:23:00,1900-01-01 18:56:00,0:33,Plano,Residential
452,2017-12-01,46.44,8.56,0.1843,1900-01-01 18:30:00,1900-01-01 19:05:00,0:35,Plano,Residential
453,2017-12-01,21.33,3.0,0.1406,1900-01-01 18:35:00,1900-01-01 19:24:00,0:49,Plano,Apartment
454,2017-12-01,44.27,20.0,0.4518,1900-01-01 20:05:00,1900-01-01 20:42:00,0:37,Frisco,Residential
455,2017-12-01,23.27,5.0,0.2149,1900-01-01 21:03:00,1900-01-01 21:28:00,0:25,Plano,Apartment
456,2017-12-02,29.66,5.0,0.1686,1900-01-01 17:30:00,1900-01-01 17:30:00,0:00,Frisco,Residential
457,2017-12-02,32.69,7.0,0.2141,1900-01-01 17:33:00,1900-01-01 18:03:00,0:30,Frisco,Apartment
458,2017-12-02,35.72,6.0,0.168,1900-01-01 18:06:00,1900-01-01 18:44:00,0:38,Frisco,Apartment
459,2017-12-02,29.99,4.0,0.1334,1900-01-01 18:18:00,1900-01-01 18:53:00,0:35,Frisco,Residential
460,2017-12-02,99.2,10.0,0.1008,1900-01-01 19:11:00,1900-01-01 19:48:00,0:37,Frisco,Residential
461,2017-12-02,28.63,6.0,0.2096,1900-01-01 19:47:00,1900-01-01 20:20:00,0:33,Plano,Residential
462,2017-12-02,17.86,3.14,0.1758,1900-01-01 20:00:00,1900-01-01 20:28:00,0:28,Plano,Residential
463,2017-12-03,52.34,5.0,0.0955,1900-01-01 16:52:00,1900-01-01 17:20:00,0:28,Frisco,Residential
464,2017-12-03,27.01,5.0,0.1851,1900-01-01 18:01:00,1900-01-01 18:21:00,0:20,Plano,Apartment
465,2017-12-03,39.4,5.0,0.1269,1900-01-01 18:26:00,1900-01-01 18:55:00,0:29,Frisco,Residential
466,2017-12-03,30.04,6.0,0.1997,1900-01-01 18:28:00,1900-01-01 19:15:00,0:47,Frisco,Apartment
467,2017-12-08,36.16,7.0,0.1936,1900-01-01 16:26:00,1900-01-01 17:09:00,0:43,Frisco,Residential
468,2017-12-08,42.43,6.0,0.1414,1900-01-01 16:32:00,1900-01-01 17:13:00,0:41,Frisco,Residential
469,2017-12-08,89.74,5.0,0.0557,1900-01-01 17:49:00,1900-01-01 18:21:00,0:32,The Colony,Residential
470,2017-12-08,19.7,4.0,0.203,1900-01-01 17:48:00,1900-01-01 18:40:00,0:52,Frisco,Residential
471,2017-12-08,45.9,6.5,0.1416,1900-01-01 19:07:00,1900-01-01 19:33:00,0:26,Frisco,Residential
472,2017-12-08,56.02,12.0,0.2142,1900-01-01 18:55:00,1900-01-01 19:41:00,0:46,Frisco,Residential
473,2017-12-08,39.19,7.0,0.1786,1900-01-01 19:47:00,1900-01-01 20:10:00,0:23,Frisco,Residential
474,2017-12-08,53.38,3.0,0.0562,1900-01-01 20:21:00,1900-01-01 20:45:00,0:24,Frisco,Hotel
475,2017-12-08,27.44,3.0,0.1093,1900-01-01 20:51:00,1900-01-01 21:12:00,0:21,Frisco,Apartment
476,2017-12-08,26.52,23.48,0.8854,1900-01-01 21:43:00,1900-01-01 22:02:00,0:19,Frisco,Residential
477,2017-12-09,16.18,2.0,0.1236,1900-01-01 17:40:00,1900-01-01 17:40:00,0:00,Frisco,Residential
478,2017-12-09,26.74,0.0,0.0,1900-01-01 17:39:00,1900-01-01 18:57:00,1:18,Frisco,Residential
479,2017-12-09,48.7,3.0,0.0616,1900-01-01 17:41:00,1900-01-01 18:34:00,0:53,Frisco,Residential
480,2017-12-09,36.26,5.0,0.1379,1900-01-01 17:34:00,1900-01-01 18:44:00,1:10,The Colony,Residential
481,2017-12-09,20.24,4.0,0.1976,1900-01-01 18:43:00,1900-01-01 19:32:00,0:49,Plano,Residential
482,2017-12-09,21.87,12.0,0.5487,1900-01-01 19:31:00,1900-01-01 20:08:00,0:37,Frisco,Residential
483,2017-12-09,63.27,10.0,0.1581,1900-01-01 19:45:00,1900-01-01 20:27:00,0:42,Frisco,Residential
484,2017-12-10,25.11,6.0,0.2389,1900-01-01 16:41:00,1900-01-01 17:09:00,0:28,Frisco,Residential
485,2017-12-10,32.58,5.0,0.1535,1900-01-01 16:44:00,1900-01-01 17:26:00,0:42,The Colony,Residential
486,2017-12-10,21.33,4.0,0.1875,1900-01-01 17:40:00,1900-01-01 18:06:00,0:26,Plano,Residential
487,2017-12-10,53.2,10.0,0.188,1900-01-01 18:15:00,1900-01-01 18:42:00,0:27,Frisco,Residential
488,2017-12-10,30.58,19.42,0.6351,1900-01-01 18:57:00,1900-01-01 19:12:00,0:15,Frisco,Residential
489,2017-12-10,44.06,5.0,0.1135,1900-01-01 19:12:00,1900-01-01 19:52:00,0:40,The Colony,Residential
490,2017-12-10,54.56,5.0,0.0916,1900-01-01 19:23:00,1900-01-01 20:01:00,0:38,Frisco,Residential
491,2017-12-10,22.41,5.0,0.2231,1900-01-01 20:51:00,1900-01-01 21:12:00,0:21,Plano,Residential
492,2017-12-15,51.69,8.31,0.1608,1900-01-01 16:23:00,1900-01-01 17:13:00,0:50,The Colony,Residential
493,2017-12-15,15.7,0.0,0.0,1900-01-01 17:30:00,1900-01-01 18:02:00,0:32,Frisco,Residential
494,2017-12-15,49.96,3.0,0.06,1900-01-01 17:47:00,1900-01-01 18:42:00,0:55,Plano,Residential
495,2017-12-15,38.37,10.0,0.2606,1900-01-01 17:57:00,1900-01-01 18:46:00,0:49,Plano,Residential
496,2017-12-15,42.11,8.0,0.19,1900-01-01 18:11:00,1900-01-01 18:53:00,0:42,Plano,Residential
497,2017-12-15,40.27,10.0,0.2483,1900-01-01 18:15:00,1900-01-01 19:06:00,0:51,Frisco,Residential
498,2017-12-15,64.84,10.0,0.1542,1900-01-01 19:40:00,1900-01-01 19:40:00,0:00,Frisco,Residential
499,2017-12-15,31.38,7.0,0.2231,1900-01-01 19:02:00,1900-01-01 20:01:00,0:59,Frisco,Residential
500,2017-12-15,47.03,8.0,0.1701,1900-01-01 19:04:00,1900-01-01 20:08:00,1:04,Frisco,Residential
501,2017-12-15,64.29,20.0,0.3111,1900-01-01 19:06:00,1900-01-01 20:12:00,1:06,Frisco,Residential
502,2017-12-15,18.35,2.0,0.109,1900-01-01 20:00:00,1900-01-01 20:42:00,0:42,Frisco,Residential
503,2017-12-16,25.66,5.0,0.1949,1900-01-01 16:57:00,1900-01-01 17:38:00,0:41,Frisco,Apartment
504,2017-12-16,42.22,15.0,0.3553,1900-01-01 17:14:00,1900-01-01 17:47:00,0:33,Frisco,Residential
505,2017-12-16,43.79,16.21,0.3702,1900-01-01 17:10:00,1900-01-01 18:06:00,0:56,McKinney,Residential
506,2017-12-16,67.33,10.0,0.1485,1900-01-01 17:53:00,1900-01-01 18:40:00,0:47,Frisco,Residential
507,2017-12-16,27.55,17.45,0.6334,1900-01-01 18:05:00,1900-01-01 18:53:00,0:48,Frisco,Residential
508,2017-12-16,34.04,6.0,0.1763,1900-01-01 18:07:00,1900-01-01 19:04:00,0:57,Frisco,Residential
509,2017-12-16,47.74,6.26,0.1311,1900-01-01 19:26:00,1900-01-01 19:50:00,0:24,Frisco,Residential
510,2017-12-16,104.95,7.0,0.0667,1900-01-01 19:15:00,1900-01-01 19:54:00,0:39,Frisco,Residential
511,2017-12-16,36.43,5.0,0.1372,1900-01-01 19:22:00,1900-01-01 20:04:00,0:42,Frisco,Residential
512,2017-12-16,30.85,4.0,0.1297,1900-01-01 19:19:00,1900-01-01 20:13:00,0:54,Frisco,Apartment
513,2017-12-16,17.0,6.0,0.3529,1900-01-01 19:18:00,1900-01-01 20:20:00,1:02,Frisco,Residential
514,2017-12-17,22.41,3.59,0.1602,1900-01-01 16:35:00,1900-01-01 17:03:00,0:28,Frisco,Residential
515,2017-12-17,75.4,20.0,0.2653,1900-01-01 17:14:00,1900-01-01 17:42:00,0:28,Plano,Residential
516,2017-12-17,18.62,3.0,0.1611,1900-01-01 17:50:00,1900-01-01 18:29:00,0:39,Frisco,Residential
517,2017-12-17,29.44,4.0,0.1359,1900-01-01 17:51:00,1900-01-01 18:42:00,0:51,Frisco,Residential
518,2017-12-17,139.53,20.0,0.1433,1900-01-01 17:56:00,1900-01-01 18:50:00,0:54,Frisco,Residential
519,2017-12-17,45.68,6.0,0.1313,1900-01-01 19:02:00,1900-01-01 19:44:00,0:42,Frisco,Residential
520,2017-12-17,38.47,4.0,0.104,1900-01-01 19:10:00,1900-01-01 19:54:00,0:44,Frisco,Residential
521,2017-12-17,19.7,7.0,0.3553,1900-01-01 19:20:00,1900-01-01 20:03:00,0:43,Frisco,Residential
522,2017-12-22,44.54,3.0,0.0674,1900-01-01 16:14:00,1900-01-01 17:03:00,0:49,Frisco,Residential
523,2017-12-22,75.29,13.0,0.1727,1900-01-01 16:34:00,1900-01-01 17:15:00,0:41,Frisco,Residential
524,2017-12-22,57.37,20.0,0.3486,1900-01-01 16:31:00,1900-01-01 17:25:00,0:54,Frisco,Residential
525,2017-12-22,22.41,3.0,0.1339,1900-01-01 17:33:00,1900-01-01 18:12:00,0:39,Frisco,Residential
526,2017-12-22,30.85,3.0,0.0972,1900-01-01 18:15:00,1900-01-01 18:51:00,0:36,Plano,Residential
527,2017-12-22,53.2,10.0,0.188,1900-01-01 18:19:00,1900-01-01 18:54:00,0:35,Plano,Residential
528,2017-12-22,14.83,3.0,0.2023,1900-01-01 18:23:00,1900-01-01 19:05:00,0:42,The Colony,Apartment
529,2017-12-22,143.27,25.0,0.1745,1900-01-01 19:45:00,1900-01-01 19:45:00,0:00,Plano,Residential
530,2017-12-22,34.26,10.74,0.3135,1900-01-01 19:19:00,1900-01-01 19:52:00,0:33,Plano,Residential
531,2017-12-22,34.32,5.0,0.1457,1900-01-01 19:06:00,1900-01-01 20:04:00,0:58,Plano,Residential
532,2017-12-26,34.86,10.0,0.2869,1900-01-01 17:48:00,1900-01-01 19:04:00,1:16,Lewisville,Residential
533,2017-12-26,37.42,4.58,0.1224,1900-01-01 17:56:00,1900-01-01 19:20:00,1:24,Plano,Residential
534,2017-12-26,56.67,6.0,0.1059,1900-01-01 19:10:00,1900-01-01 19:55:00,0:45,Plano,Residential
535,2017-12-26,35.4,6.6,0.1864,1900-01-01 19:20:00,1900-01-01 20:08:00,0:48,The Colony,Apartment
536,2017-12-26,32.37,7.0,0.2162,1900-01-01 19:48:00,1900-01-01 20:38:00,0:50,Plano,Apartment
537,2017-12-26,31.61,8.39,0.2654,1900-01-01 19:53:00,1900-01-01 20:49:00,0:56,Plano,Residential
538,2017-12-26,22.41,3.0,0.1339,1900-01-01 20:18:00,1900-01-01 20:58:00,0:40,Plano,Residential
539,2017-12-26,30.31,6.79,0.224,1900-01-01 21:22:00,1900-01-01 21:40:00,0:18,Plano,Apartment
540,2017-12-29,61.27,7.0,0.1142,1900-01-01 18:17:00,1900-01-01 18:50:00,0:33,Frisco,Residential
541,2017-12-29,28.9,6.1,0.2111,1900-01-01 19:39:00,1900-01-01 20:07:00,0:28,Plano,Hotel
542,2017-12-29,25.11,6.89,0.2744,1900-01-01 19:45:00,1900-01-01 20:20:00,0:35,Plano,Residential
543,2017-12-30,88.55,8.0,0.0903,1900-01-01 17:56:00,1900-01-01 18:29:00,0:33,The Colony,Residential
544,2017-12-30,117.99,10.0,0.0848,1900-01-01 18:53:00,1900-01-01 19:24:00,0:31,Plano,Residential
545,2017-12-30,33.23,6.0,0.1806,1900-01-01 19:57:00,1900-01-01 20:27:00,0:30,Frisco,Residential
546,2018-01-05,6.17,3.83,0.6207,1900-01-01 17:55:00,1900-01-01 18:25:00,0:30,Frisco,Apartment
547,2018-01-05,15.7,2.0,0.1274,1900-01-01 18:12:00,1900-01-01 18:44:00,0:32,Frisco,Apartment
548,2018-01-05,25.93,4.0,0.1543,1900-01-01 17:57:00,1900-01-01 18:57:00,1:00,Frisco,Residential
549,2018-01-05,17.0,4.0,0.2353,1900-01-01 19:15:00,1900-01-01 19:46:00,0:31,Frisco,Residential
550,2018-01-05,27.6,6.0,0.2174,1900-01-01 19:23:00,1900-01-01 19:55:00,0:32,Frisco,Apartment
551,2018-01-05,28.9,5.0,0.173,1900-01-01 20:24:00,1900-01-01 20:51:00,0:27,Frisco,Residential
552,2018-01-06,20.68,10.32,0.499,1900-01-01 16:53:00,1900-01-01 17:19:00,0:26,Plano,Business
553,2018-01-06,21.05,5.95,0.2827,1900-01-01 17:44:00,1900-01-01 18:08:00,0:24,Frisco,Hotel
554,2018-01-06,40.86,10.0,0.2447,1900-01-01 17:52:00,1900-01-01 18:27:00,0:35,McKinney,Residential
555,2018-01-06,22.73,3.0,0.132,1900-01-01 18:57:00,1900-01-01 19:41:00,0:44,Frisco,Hotel
556,2018-01-06,46.49,7.0,0.1506,1900-01-01 19:14:00,1900-01-01 19:56:00,0:42,Frisco,Residential
557,2018-01-06,27.6,4.0,0.1449,1900-01-01 20:03:00,1900-01-01 20:38:00,0:35,Frisco,Residential
558,2018-01-06,20.78,4.0,0.1925,1900-01-01 20:20:00,1900-01-01 20:48:00,0:28,Frisco,Residential
559,2018-01-06,24.03,0.0,0.0,1900-01-01 20:09:00,1900-01-01 21:03:00,0:54,Frisco,Hotel
560,2018-01-07,22.41,8.0,0.357,1900-01-01 16:24:00,1900-01-01 17:05:00,0:41,Plano,Apartment
561,2018-01-07,37.56,7.0,0.1864,1900-01-01 16:27:00,1900-01-01 17:10:00,0:43,Plano,Apartment
562,2018-01-07,30.31,9.69,0.3197,1900-01-01 17:01:00,1900-01-01 17:39:00,0:38,Plano,Residential
563,2018-01-07,98.67,15.0,0.152,1900-01-01 17:17:00,1900-01-01 17:54:00,0:37,Lewisville,Residential
564,2018-01-07,29.17,3.0,0.1028,1900-01-01 18:11:00,1900-01-01 18:49:00,0:38,Plano,Residential
565,2018-01-07,29.17,8.0,0.2743,1900-01-01 18:24:00,1900-01-01 18:56:00,0:32,Plano,Residential
566,2018-01-07,35.13,8.0,0.2277,1900-01-01 18:26:00,1900-01-01 19:02:00,0:36,Plano,Residential
567,2018-01-07,73.77,7.0,0.0949,1900-01-01 18:15:00,1900-01-01 19:09:00,0:54,Plano,Residential
568,2018-01-07,28.15,16.85,0.5986,1900-01-01 19:17:00,1900-01-01 19:39:00,0:22,Frisco,Residential
569,2018-01-12,35.18,5.32,0.1512,1900-01-01 16:23:00,1900-01-01 16:52:00,0:29,Plano,Apartment
570,2018-01-12,22.14,4.0,0.1807,1900-01-01 18:05:00,1900-01-01 18:40:00,0:35,The Colony,Residential
571,2018-01-12,32.69,5.0,0.153,1900-01-01 18:14:00,1900-01-01 18:49:00,0:35,Frisco,Residential
572,2018-01-12,23.49,3.0,0.1277,1900-01-01 18:07:00,1900-01-01 19:01:00,0:54,Frisco,Residential
573,2018-01-12,83.73,10.0,0.1194,1900-01-01 18:16:00,1900-01-01 19:11:00,0:55,Frisco,Residential
574,2018-01-13,36.43,5.0,0.1372,1900-01-01 16:31:00,1900-01-01 17:17:00,0:46,Frisco,Business
575,2018-01-13,39.4,6.0,0.1523,1900-01-01 18:00:00,1900-01-01 18:39:00,0:39,McKinney,Residential
576,2018-01-13,25.11,3.0,0.1195,1900-01-01 18:05:00,1900-01-01 18:58:00,0:53,Frisco,Apartment
577,2018-01-13,40.27,8.0,0.1987,1900-01-01 19:05:00,1900-01-01 19:37:00,0:32,Frisco,Residential
578,2018-01-13,24.3,4.0,0.1646,1900-01-01 19:55:00,1900-01-01 20:23:00,0:28,Frisco,Residential
579,2018-01-14,77.4,6.0,0.0775,1900-01-01 16:54:00,1900-01-01 17:27:00,0:33,Frisco,Residential
580,2018-01-14,43.84,10.0,0.2281,1900-01-01 16:47:00,1900-01-01 17:41:00,0:54,Frisco,Residential
581,2018-01-14,69.44,20.0,0.288,1900-01-01 18:09:00,1900-01-01 18:46:00,0:37,Frisco,Residential
582,2018-01-14,22.14,4.0,0.1807,1900-01-01 18:13:00,1900-01-01 19:01:00,0:48,Frisco,Apartment
583,2018-01-14,56.72,4.0,0.0705,1900-01-01 18:59:00,1900-01-01 19:26:00,0:27,Plano,Residential
584,2018-01-14,35.18,5.82,0.1654,1900-01-01 18:57:00,1900-01-01 19:37:00,0:40,Plano,Residential
585,2018-01-19,53.31,5.0,0.0938,1900-01-01 17:56:00,1900-01-01 18:29:00,0:33,Plano,Residential
586,2018-01-19,88.03,5.0,0.0568,1900-01-01 18:38:00,1900-01-01 19:08:00,0:30,Plano,Business
587,2018-01-19,64.35,18.0,0.2797,1900-01-01 18:40:00,1900-01-01 19:37:00,0:57,Carrollton,Residential
588,2018-01-19,29.44,6.3,0.214,1900-01-01 19:29:00,1900-01-01 20:08:00,0:39,Frisco,Apartment
589,2018-01-19,25.98,2.02,0.0778,1900-01-01 20:15:00,1900-01-01 20:37:00,0:22,Plano,Residential
590,2018-01-20,41.35,5.65,0.1366,1900-01-01 17:23:00,1900-01-01 17:47:00,0:24,Plano,Residential
591,2018-01-20,37.45,10.0,0.267,1900-01-01 18:07:00,1900-01-01 18:40:00,0:33,Frisco,Residential
592,2018-01-20,20.24,3.0,0.1482,1900-01-01 18:12:00,1900-01-01 18:52:00,0:40,Frisco,Residential
593,2018-01-21,40.49,6.51,0.1608,1900-01-01 16:34:00,1900-01-01 17:03:00,0:29,Frisco,Residential
594,2018-01-21,40.54,7.0,0.1727,1900-01-01 17:03:00,1900-01-01 17:53:00,0:50,Frisco,Residential
595,2018-01-21,31.61,7.0,0.2214,1900-01-01 17:14:00,1900-01-01 18:07:00,0:53,Frisco,Residential
596,2018-01-21,26.47,10.0,0.3778,1900-01-01 18:06:00,1900-01-01 18:42:00,0:36,Plano,Apartment
597,2018-01-21,22.41,10.0,0.4462,1900-01-01 18:21:00,1900-01-01 19:11:00,0:50,Frisco,Apartment
598,2018-01-21,23.49,6.51,0.2771,1900-01-01 18:40:00,1900-01-01 19:23:00,0:43,Frisco,Residential
599,2018-01-21,36.17,5.0,0.1382,1900-01-01 18:40:00,1900-01-01 19:34:00,0:54,Frisco,Residential
600,2018-01-21,27.01,3.0,0.1111,1900-01-01 19:32:00,1900-01-01 20:11:00,0:39,Frisco,Residential
601,2018-01-21,45.41,5.0,0.1101,1900-01-01 19:42:00,1900-01-01 20:26:00,0:44,Frisco,Residential
602,2018-01-26,35.36,3.0,0.0848,1900-01-01 16:46:00,1900-01-01 17:18:00,0:32,Plano,Residential
603,2018-01-26,42.38,6.0,0.1416,1900-01-01 17:30:00,1900-01-01 17:30:00,0:00,Plano,Residential
604,2018-01-26,35.34,4.0,0.1132,1900-01-01 17:41:00,1900-01-01 18:25:00,0:44,Plano,Residential
605,2018-01-26,127.79,25.0,0.1956,1900-01-01 17:52:00,1900-01-01 18:38:00,0:46,Plano,Business
606,2018-01-26,33.23,5.0,0.1505,1900-01-01 18:27:00,1900-01-01 19:05:00,0:38,Plano,Apartment
607,2018-01-26,40.85,8.5,0.2081,1900-01-01 19:23:00,1900-01-01 19:57:00,0:34,Frisco,Residential
608,2018-01-26,16.78,3.0,0.1788,1900-01-01 19:25:00,1900-01-01 20:06:00,0:41,Frisco,Residential
609,2018-01-27,19.49,3.0,0.1539,1900-01-01 17:39:00,1900-01-01 17:57:00,0:18,Frisco,Apartment
610,2018-01-27,57.59,5.0,0.0868,1900-01-01 18:34:00,1900-01-01 19:06:00,0:32,Frisco,Residential
611,2018-01-27,31.88,5.0,0.1568,1900-01-01 18:34:00,1900-01-01 19:19:00,0:45,Frisco,Residential
612,2018-01-28,47.63,9.0,0.189,1900-01-01 17:19:00,1900-01-01 18:04:00,0:45,Plano,Residential
613,2018-01-28,14.61,6.39,0.4374,1900-01-01 17:31:00,1900-01-01 18:13:00,0:42,Plano,Residential
614,2018-01-28,85.14,10.0,0.1175,1900-01-01 17:35:00,1900-01-01 18:27:00,0:52,Lewisville,Residential
615,2018-01-28,43.79,5.0,0.1142,1900-01-01 18:14:00,1900-01-01 19:09:00,0:55,Frisco,Residential
616,2018-01-28,43.19,8.0,0.1852,1900-01-01 18:24:00,1900-01-01 19:21:00,0:57,The Colony,Residential
617,2018-01-28,32.37,5.0,0.1545,1900-01-01 19:08:00,1900-01-01 19:51:00,0:43,Plano,Apartment
618,2018-01-28,33.02,6.0,0.1817,1900-01-01 19:28:00,1900-01-01 20:09:00,0:41,Plano,Hotel
619,2018-01-28,20.78,5.0,0.2406,1900-01-01 20:09:00,1900-01-01 20:47:00,0:38,Frisco,Apartment
620,2018-01-28,41.84,8.0,0.1912,1900-01-01 20:24:00,1900-01-01 20:57:00,0:33,Plano,Residential
621,2018-01-28,33.02,4.0,0.1211,1900-01-01 20:20:00,1900-01-01 21:08:00,0:48,Plano,Residential
622,2018-01-29,43.73,6.0,0.1372,1900-01-01 17:46:00,1900-01-01 18:39:00,0:53,Plano,Residential
623,2018-01-29,40.27,7.0,0.1738,1900-01-01 18:08:00,1900-01-01 18:49:00,0:41,Plano,Residential
624,2018-01-29,18.35,2.0,0.109,1900-01-01 18:44:00,1900-01-01 19:27:00,0:43,Frisco,Residential
625,2018-01-29,12.18,2.0,0.1642,1900-01-01 18:55:00,1900-01-01 19:55:00,1:00,Plano,Hotel
626,2018-01-29,35.4,7.6,0.2147,1900-01-01 18:59:00,1900-01-01 20:04:00,1:05,Plano,Residential
627,2018-01-29,21.05,3.0,0.1425,1900-01-01 20:00:00,1900-01-01 20:31:00,0:31,Plano,Residential
628,2018-02-02,22.68,10.0,0.4409,1900-01-01 16:42:00,1900-01-01 17:28:00,0:46,Frisco,Residential
629,2018-02-02,20.78,10.5,0.5053,1900-01-01 16:50:00,1900-01-01 17:47:00,0:57,Frisco,Residential
630,2018-02-02,32.24,5.0,0.1551,1900-01-01 17:02:00,1900-01-01 17:59:00,0:57,Frisco,Residential
631,2018-02-02,48.71,7.0,0.1437,1900-01-01 18:29:00,1900-01-01 19:02:00,0:33,Frisco,Hotel
632,2018-02-02,51.09,6.0,0.1174,1900-01-01 18:39:00,1900-01-01 19:14:00,0:35,Frisco,Apartment
633,2018-02-02,14.88,4.0,0.2688,1900-01-01 18:46:00,1900-01-01 19:36:00,0:50,Frisco,Residential
634,2018-02-02,52.45,6.0,0.1144,1900-01-01 19:59:00,1900-01-01 20:21:00,0:22,Plano,Apartment
635,2018-02-03,41.35,15.0,0.3628,1900-01-01 16:55:00,1900-01-01 17:26:00,0:31,Frisco,Residential
636,2018-02-03,24.84,6.0,0.2415,1900-01-01 17:54:00,1900-01-01 18:36:00,0:42,Frisco,Residential
637,2018-02-03,66.57,20.0,0.3004,1900-01-01 18:03:00,1900-01-01 18:49:00,0:46,Frisco,Residential
638,2018-02-03,95.64,20.0,0.2091,1900-01-01 18:05:00,1900-01-01 18:57:00,0:52,Frisco,Residential
639,2018-02-03,47.57,4.0,0.0841,1900-01-01 18:01:00,1900-01-01 19:05:00,1:04,Frisco,Residential
640,2018-02-03,34.53,5.47,0.1584,1900-01-01 19:01:00,1900-01-01 19:43:00,0:42,Carrollton,Residential
641,2018-02-03,50.34,8.0,0.1589,1900-01-01 19:44:00,1900-01-01 20:18:00,0:34,Frisco,Residential
642,2018-02-03,36.97,3.0,0.0811,1900-01-01 19:47:00,1900-01-01 20:25:00,0:38,Frisco,Residential
643,2018-02-04,17.86,3.0,0.168,1900-01-01 15:27:00,1900-01-01 16:07:00,0:40,Frisco,Hotel
644,2018-02-04,65.38,5.0,0.0765,1900-01-01 15:34:00,1900-01-01 16:21:00,0:47,Frisco,Apartment
645,2018-02-04,34.86,5.0,0.1434,1900-01-01 17:15:00,1900-01-01 17:15:00,0:00,Frisco,Residential
646,2018-02-04,37.56,8.0,0.213,1900-01-01 17:30:00,1900-01-01 17:30:00,0:00,Frisco,Residential
647,2018-02-04,40.83,3.0,0.0735,1900-01-01 17:22:00,1900-01-01 18:03:00,0:41,Plano,Apartment
648,2018-02-04,28.36,11.64,0.4104,1900-01-01 17:54:00,1900-01-01 18:28:00,0:34,Frisco,Hotel
649,2018-02-04,63.71,0.0,0.0,1900-01-01 17:51:00,1900-01-01 18:41:00,0:50,Frisco,Residential
650,2018-02-04,23.49,3.51,0.1494,1900-01-01 18:03:00,1900-01-01 19:00:00,0:57,Frisco,Residential
651,2018-02-04,34.1,5.0,0.1466,1900-01-01 19:04:00,1900-01-01 19:43:00,0:39,Frisco,Residential
652,2018-02-09,42.65,8.5,0.1993,1900-01-01 17:59:00,1900-01-01 18:30:00,0:31,Frisco,Residential
653,2018-02-09,29.99,6.01,0.2004,1900-01-01 17:54:00,1900-01-01 18:40:00,0:46,Frisco,Residential
654,2018-02-09,37.56,2.0,0.0532,1900-01-01 18:05:00,1900-01-01 18:47:00,0:42,Frisco,Residential
655,2018-02-09,23.76,3.0,0.1263,1900-01-01 18:08:00,1900-01-01 18:52:00,0:44,Frisco,Residential
656,2018-02-09,17.86,5.0,0.28,1900-01-01 19:20:00,1900-01-01 19:47:00,0:27,Plano,Residential
657,2018-02-09,14.83,3.0,0.2023,1900-01-01 19:21:00,1900-01-01 20:01:00,0:40,Plano,Hotel
658,2018-02-09,118.43,20.0,0.1689,1900-01-01 20:13:00,1900-01-01 20:42:00,0:29,Plano,Residential
659,2018-02-09,21.05,3.0,0.1425,1900-01-01 20:22:00,1900-01-01 20:58:00,0:36,Plano,Hotel
660,2018-02-10,48.66,15.0,0.3083,1900-01-01 17:20:00,1900-01-01 18:03:00,0:43,Frisco,Residential
661,2018-02-10,36.43,10.0,0.2745,1900-01-01 17:36:00,1900-01-01 18:14:00,0:38,Frisco,Residential
662,2018-02-10,20.24,4.0,0.1976,1900-01-01 18:15:00,1900-01-01 18:48:00,0:33,Plano,Residential
663,2018-02-10,16.77,5.0,0.2982,1900-01-01 19:07:00,1900-01-01 19:33:00,0:26,Plano,Apartment
664,2018-02-10,23.27,5.0,0.2149,1900-01-01 19:13:00,1900-01-01 19:43:00,0:30,Plano,Hotel
665,2018-02-11,69.77,5.0,0.0717,1900-01-01 17:06:00,1900-01-01 17:39:00,0:33,Frisco,Residential
666,2018-02-11,22.19,0.0,0.0,1900-01-01 17:42:00,1900-01-01 18:30:00,0:48,Frisco,Residential
667,2018-02-11,50.88,10.0,0.1965,1900-01-01 17:52:00,1900-01-01 18:42:00,0:50,The Colony,Residential
668,2018-02-11,64.63,15.0,0.2321,1900-01-01 19:00:00,1900-01-01 19:45:00,0:45,Frisco,Residential
669,2018-02-11,46.55,6.0,0.1289,1900-01-01 19:16:00,1900-01-01 19:54:00,0:38,Frisco,Residential
670,2018-02-16,72.5,20.0,0.2759,1900-01-01 16:49:00,1900-01-01 17:35:00,0:46,Frisco,Residential
671,2018-02-16,52.18,27.82,0.5332,1900-01-01 16:38:00,1900-01-01 17:47:00,1:09,Frisco,Residential
672,2018-02-16,53.38,10.0,0.1873,1900-01-01 16:51:00,1900-01-01 17:55:00,1:04,Frisco,Residential
673,2018-02-16,84.06,10.0,0.119,1900-01-01 18:45:00,1900-01-01 19:27:00,0:42,Frisco,Residential
674,2018-02-16,46.49,7.51,0.1615,1900-01-01 18:52:00,1900-01-01 19:42:00,0:50,Frisco,Residential
675,2018-02-16,46.55,10.0,0.2148,1900-01-01 18:55:00,1900-01-01 19:57:00,1:02,Frisco,Residential
676,2018-02-16,38.43,10.0,0.2602,1900-01-01 18:54:00,1900-01-01 20:08:00,1:14,Frisco,Residential
677,2018-02-18,36.75,4.0,0.1088,1900-01-01 16:43:00,1900-01-01 17:23:00,0:40,Plano,Residential
678,2018-02-18,20.24,5.0,0.247,1900-01-01 16:47:00,1900-01-01 17:35:00,0:48,Plano,Residential
679,2018-02-18,41.95,8.05,0.1919,1900-01-01 17:01:00,1900-01-01 17:43:00,0:42,Plano,Apartment
680,2018-02-18,60.3,8.0,0.1327,1900-01-01 18:16:00,1900-01-01 18:59:00,0:43,Frisco,Residential
681,2018-02-18,31.07,5.0,0.1609,1900-01-01 18:21:00,1900-01-01 19:13:00,0:52,Frisco,Residential
682,2018-02-18,33.5,11.5,0.3433,1900-01-01 19:01:00,1900-01-01 19:41:00,0:40,Plano,Residential
683,2018-02-18,49.8,5.0,0.1004,1900-01-01 19:45:00,1900-01-01 20:13:00,0:28,Frisco,Residential
684,2018-02-18,18.4,5.0,0.2717,1900-01-01 20:14:00,1900-01-01 20:57:00,0:43,Plano,Residential
685,2018-02-23,39.19,6.0,0.1531,1900-01-01 17:30:00,1900-01-01 17:30:00,0:00,Frisco,Residential
686,2018-02-23,35.4,6.0,0.1695,1900-01-01 17:01:00,1900-01-01 17:50:00,0:49,Frisco,Residential
687,2018-02-23,61.27,12.0,0.1959,1900-01-01 17:07:00,1900-01-01 18:05:00,0:58,Frisco,Residential
688,2018-02-23,28.63,8.0,0.2794,1900-01-01 18:52:00,1900-01-01 19:29:00,0:37,Frisco,Residential
689,2018-02-23,23.76,4.0,0.1684,1900-01-01 19:03:00,1900-01-01 19:38:00,0:35,Frisco,Residential
690,2018-02-23,57.21,10.0,0.1748,1900-01-01 18:55:00,1900-01-01 19:43:00,0:48,Frisco,Residential
691,2018-02-23,33.18,5.0,0.1507,1900-01-01 18:53:00,1900-01-01 19:57:00,1:04,Frisco,Residential
692,2018-02-23,13.53,5.0,0.3695,1900-01-01 19:59:00,1900-01-01 20:34:00,0:35,Frisco,Apartment
693,2018-02-23,54.61,10.0,0.1831,1900-01-01 20:01:00,1900-01-01 20:51:00,0:50,Frisco,Residential
694,2018-02-24,51.31,10.0,0.1949,1900-01-01 17:07:00,1900-01-01 17:40:00,0:33,Lewisville,Residential
695,2018-02-24,24.03,4.0,0.1665,1900-01-01 18:00:00,1900-01-01 18:32:00,0:32,Frisco,Residential
696,2018-02-24,42.92,8.0,0.1864,1900-01-01 17:46:00,1900-01-01 18:42:00,0:56,Frisco,Residential
697,2018-02-24,47.03,5.0,0.1063,1900-01-01 17:58:00,1900-01-01 18:55:00,0:57,Frisco,Residential
698,2018-02-24,63.27,10.0,0.1581,1900-01-01 18:00:00,1900-01-01 19:07:00,1:07,Frisco,Residential
699,2018-03-03,19.21,4.0,0.2082,1900-01-01 17:43:00,1900-01-01 17:59:00,0:16,Frisco,Business
700,2018-03-03,39.73,3.0,0.0755,1900-01-01 18:17:00,1900-01-01 18:47:00,0:30,Plano,Residential
701,2018-03-03,243.02,15.0,0.0617,1900-01-01 19:00:00,1900-01-01 19:00:00,0:00,Plano,Hotel
702,2018-03-03,56.58,5.0,0.0884,1900-01-01 18:41:00,1900-01-01 19:25:00,0:44,The Colony,Residential
703,2018-03-03,29.82,6.0,0.2012,1900-01-01 18:58:00,1900-01-01 19:40:00,0:42,Frisco,Residential
704,2018-03-03,38.1,10.0,0.2625,1900-01-01 20:00:00,1900-01-01 20:36:00,0:36,Frisco,Residential
705,2018-03-09,47.63,12.0,0.2519,1900-01-01 17:15:00,1900-01-01 17:45:00,0:30,Plano,Residential
706,2018-03-09,25.44,4.0,0.1572,1900-01-01 18:30:00,1900-01-01 18:30:00,0:00,Frisco,Residential
707,2018-03-09,23.76,3.0,0.1263,1900-01-01 18:02:00,1900-01-01 18:39:00,0:37,Frisco,Residential
708,2018-03-09,16.13,3.0,0.186,1900-01-01 18:04:00,1900-01-01 18:46:00,0:42,Frisco,Residential
709,2018-03-09,31.39,4.0,0.1274,1900-01-01 18:01:00,1900-01-01 18:58:00,0:57,Frisco,Residential
710,2018-03-09,35.4,4.0,0.113,1900-01-01 18:56:00,1900-01-01 19:36:00,0:40,Plano,Residential
711,2018-03-09,31.12,5.0,0.1607,1900-01-01 19:13:00,1900-01-01 19:43:00,0:30,Plano,Residential
712,2018-03-10,41.16,3.84,0.0933,1900-01-01 17:20:00,1900-01-01 17:48:00,0:28,Plano,Business
713,2018-03-10,17.0,2.0,0.1176,1900-01-01 17:14:00,1900-01-01 18:02:00,0:48,Plano,Apartment
714,2018-03-10,20.24,3.0,0.1482,1900-01-01 17:27:00,1900-01-01 18:20:00,0:53,Plano,Residential
715,2018-03-10,82.97,10.0,0.1205,1900-01-01 18:43:00,1900-01-01 19:08:00,0:25,Plano,Residential
716,2018-03-10,34.04,6.0,0.1763,1900-01-01 18:57:00,1900-01-01 19:42:00,0:45,Frisco,Residential
717,2018-03-10,21.6,5.0,0.2315,1900-01-01 19:07:00,1900-01-01 20:04:00,0:57,Frisco,Business
718,2018-03-10,34.32,5.68,0.1655,1900-01-01 20:18:00,1900-01-01 20:47:00,0:29,The Colony,Residential
719,2018-03-11,26.74,5.0,0.187,1900-01-01 17:06:00,1900-01-01 17:29:00,0:23,Plano,Residential
720,2018-03-11,68.41,12.0,0.1754,1900-01-01 17:47:00,1900-01-01 18:18:00,0:31,Frisco,Residential
721,2018-03-11,47.58,12.0,0.2522,1900-01-01 18:25:00,1900-01-01 19:20:00,0:55,Frisco,Residential
722,2018-03-11,24.57,5.0,0.2035,1900-01-01 18:44:00,1900-01-01 19:28:00,0:44,Frisco,Residential
723,2018-03-11,32.37,6.0,0.1854,1900-01-01 18:43:00,1900-01-01 19:40:00,0:57,Frisco,Residential
724,2018-03-11,49.16,7.84,0.1595,1900-01-01 19:55:00,1900-01-01 20:30:00,0:35,Frisco,Apartment
725,2018-03-11,28.9,3.0,0.1038,1900-01-01 20:04:00,1900-01-01 20:44:00,0:40,Frisco,Residential
726,2018-03-11,39.19,10.71,0.2733,1900-01-01 20:07:00,1900-01-01 20:53:00,0:46,Frisco,Residential
727,2018-03-11,69.77,8.0,0.1147,1900-01-01 20:08:00,1900-01-01 21:07:00,0:59,Frisco,Residential
728,2018-03-14,38.97,6.03,0.1547,1900-01-01 18:28:00,1900-01-01 19:03:00,0:35,Plano,Hotel
729,2018-03-14,17.0,10.0,0.5882,1900-01-01 18:29:00,1900-01-01 19:30:00,1:01,Plano,Apartment
730,2018-03-14,17.0,5.0,0.2941,1900-01-01 19:19:00,1900-01-01 20:01:00,0:42,Frisco,Residential
731,2018-03-14,50.23,6.0,0.1195,1900-01-01 19:41:00,1900-01-01 20:21:00,0:40,McKinney,Residential
732,2018-03-14,18.94,3.0,0.1584,1900-01-01 20:17:00,1900-01-01 21:16:00,0:59,Plano,Apartment
733,2018-03-14,44.06,7.9399999999999995,0.1802,1900-01-01 20:37:00,1900-01-01 21:28:00,0:51,Plano,Hotel
734,2018-03-14,19.7,5.0,0.2538,1900-01-01 20:37:00,1900-01-01 21:53:00,1:16,Frisco,Residential
735,2018-03-16,25.66,5.0,0.1949,1900-01-01 18:05:00,1900-01-01 18:38:00,0:33,Frisco,Residential
736,2018-03-16,25.44,5.0,0.1965,1900-01-01 19:05:00,1900-01-01 19:49:00,0:44,Frisco,Residential
737,2018-03-16,42.92,5.0,0.1165,1900-01-01 19:55:00,1900-01-01 20:32:00,0:37,Frisco,Residential
738,2018-03-16,48.66,7.0,0.1439,1900-01-01 20:04:00,1900-01-01 20:43:00,0:39,Frisco,Residential
739,2018-03-16,35.4,6.0,0.1695,1900-01-01 21:01:00,1900-01-01 21:40:00,0:39,Frisco,Apartment
740,2018-03-16,152.15,10.0,0.0657,1900-01-01 21:51:00,1900-01-01 22:24:00,0:33,Frisco,Business
741,2018-03-17,18.62,4.0,0.2148,1900-01-01 17:51:00,1900-01-01 18:19:00,0:28,Frisco,Residential
742,2018-03-17,34.8,7.0,0.2011,1900-01-01 17:57:00,1900-01-01 18:36:00,0:39,Frisco,Residential
743,2018-03-17,34.32,4.0,0.1166,1900-01-01 19:45:00,1900-01-01 20:18:00,0:33,Frisco,Residential
744,2018-03-17,20.02,4.0,0.1998,1900-01-01 19:29:00,1900-01-01 20:25:00,0:56,Frisco,Residential
745,2018-03-17,28.09,3.0,0.1068,1900-01-01 19:37:00,1900-01-01 20:34:00,0:57,Frisco,Residential
746,2018-03-18,22.41,4.0,0.1785,1900-01-01 16:30:00,1900-01-01 17:01:00,0:31,Plano,Residential
747,2018-03-18,50.88,10.0,0.1965,1900-01-01 17:01:00,1900-01-01 17:32:00,0:31,Frisco,Residential
748,2018-03-18,16.18,5.0,0.309,1900-01-01 17:04:00,1900-01-01 17:46:00,0:42,Frisco,Apartment
749,2018-03-18,43.79,7.0,0.1599,1900-01-01 18:00:00,1900-01-01 18:35:00,0:35,Plano,Residential
750,2018-03-18,23.35,5.0,0.2141,1900-01-01 18:46:00,1900-01-01 19:17:00,0:31,Frisco,Residential
751,2018-03-18,30.31,3.0,0.099,1900-01-01 19:21:00,1900-01-01 19:58:00,0:37,Frisco,Residential
752,2018-03-23,29.44,5.5600000000000005,0.1889,1900-01-01 18:00:00,1900-01-01 18:00:00,0:00,Frisco,Residential
753,2018-03-23,37.29,8.0,0.2145,1900-01-01 17:20:00,1900-01-01 18:14:00,0:54,Frisco,Residential
754,2018-03-23,36.48,6.0,0.1645,1900-01-01 17:17:00,1900-01-01 18:24:00,1:07,Frisco,Residential
755,2018-03-23,34.1,5.0,0.1466,1900-01-01 18:11:00,1900-01-01 19:00:00,0:49,Frisco,Residential
756,2018-03-23,6.71,5.29,0.7884,1900-01-01 18:21:00,1900-01-01 19:06:00,0:45,Frisco,Residential
757,2018-03-23,28.36,7.64,0.2694,1900-01-01 18:17:00,1900-01-01 19:21:00,1:04,Frisco,Residential
758,2018-03-23,39.13,5.0,0.1278,1900-01-01 19:52:00,1900-01-01 20:26:00,0:34,Frisco,Residential
759,2018-03-23,32.48,5.0,0.1539,1900-01-01 19:44:00,1900-01-01 20:35:00,0:51,Frisco,Residential
760,2018-03-23,28.9,5.0,0.173,1900-01-01 20:02:00,1900-01-01 20:48:00,0:46,Frisco,Residential
761,2018-03-23,35.18,5.0,0.1421,1900-01-01 20:55:00,1900-01-01 21:26:00,0:31,Frisco,Residential
762,2018-03-23,23.76,4.24,0.1785,1900-01-01 20:53:00,1900-01-01 21:43:00,0:50,Frisco,Apartment
763,2018-03-24,38.05,6.0,0.1577,1900-01-01 16:21:00,1900-01-01 17:09:00,0:48,Plano,Residential
764,2018-03-24,87.84,20.0,0.2277,1900-01-01 18:45:00,1900-01-01 18:45:00,0:00,The Colony,Residential
765,2018-03-24,62.68,12.32,0.1966,1900-01-01 17:57:00,1900-01-01 18:50:00,0:53,Frisco,Residential
766,2018-03-24,5.41,19.59,3.6211,1900-01-01 18:00:00,1900-01-01 19:00:00,1:00,Frisco,Residential
767,2018-03-24,32.37,5.0,0.1545,1900-01-01 19:08:00,1900-01-01 19:52:00,0:44,Plano,Hotel
768,2018-03-24,23.82,6.0,0.2519,1900-01-01 19:24:00,1900-01-01 20:29:00,1:05,Plano,Apartment
769,2018-03-24,27.6,10.0,0.3623,1900-01-01 20:31:00,1900-01-01 21:17:00,0:46,Frisco,Hotel
770,2018-03-24,24.84,4.0,0.161,1900-01-01 20:49:00,1900-01-01 21:29:00,0:40,Frisco,Hotel
771,2018-03-25,33.23,6.0,0.1806,1900-01-01 16:51:00,1900-01-01 17:22:00,0:31,Frisco,Residential
772,2018-03-25,36.75,8.0,0.2177,1900-01-01 17:39:00,1900-01-01 18:19:00,0:40,Frisco,Residential
773,2018-03-25,102.78,20.0,0.1946,1900-01-01 18:46:00,1900-01-01 19:11:00,0:25,Frisco,Residential
774,2018-03-25,36.21,6.0,0.1657,1900-01-01 18:37:00,1900-01-01 19:21:00,0:44,Frisco,Residential
775,2018-03-30,35.13,5.0,0.1423,1900-01-01 17:01:00,1900-01-01 17:29:00,0:28,Plano,Residential
776,2018-03-30,97.97,10.0,0.1021,1900-01-01 19:00:00,1900-01-01 19:00:00,0:00,Plano,Residential
777,2018-03-30,29.23,5.0,0.1711,1900-01-01 18:28:00,1900-01-01 19:14:00,0:46,Plano,Apartment
778,2018-03-30,82.7,10.0,0.1209,1900-01-01 19:52:00,1900-01-01 20:23:00,0:31,Plano,Residential
779,2018-03-30,153.55,20.0,0.1303,1900-01-01 19:35:00,1900-01-01 20:30:00,0:55,Plano,Residential
780,2018-03-30,29.39,5.0,0.1701,1900-01-01 20:11:00,1900-01-01 21:06:00,0:55,Frisco,Residential
781,2018-03-30,35.72,3.2800000000000002,0.0918,1900-01-01 20:37:00,1900-01-01 21:19:00,0:42,Frisco,Residential
782,2018-03-31,22.41,2.0,0.0892,1900-01-01 17:42:00,1900-01-01 18:17:00,0:35,Plano,Residential
783,2018-03-31,85.46,17.0,0.1989,1900-01-01 18:45:00,1900-01-01 18:45:00,0:00,The Colony,Residential
784,2018-03-31,25.66,6.0,0.2338,1900-01-01 19:13:00,1900-01-01 19:45:00,0:32,Plano,Residential
787,2018-04-01,35.13,5.0,0.1423,1900-01-01 17:27:00,1900-01-01 18:04:00,0:37,Lewisville,Residential
785,2018-04-01,55.42,9.58,0.1729,1900-01-01 18:18:00,1900-01-01 18:49:00,0:31,Plano,Residential
787,2018-04-01,23.82,7.0,0.2939,1900-01-01 19:15:00,1900-01-01 19:49:00,0:34,Frisco,Residential
788,2018-04-01,42.76,7.0,0.1637,1900-01-01 19:21:00,1900-01-01 20:04:00,0:43,The Colony,Residential
789,2018-04-01,41.57,2.43,0.0585,1900-01-01 19:20:00,1900-01-01 20:15:00,0:55,Frisco,Apartment
790,2018-04-07,22.14,4.86,0.2195,1900-01-01 17:27:00,1900-01-01 18:22:00,0:55,Frisco,Residential
791,2018-04-07,49.2,10.0,0.2033,1900-01-01 17:48:00,1900-01-01 18:41:00,0:53,Frisco,Residential
792,2018-04-07,46.98,10.0,0.2129,1900-01-01 17:46:00,1900-01-01 18:52:00,1:06,Frisco,Residential
793,2018-04-07,124.22,20.0,0.161,1900-01-01 19:13:00,1900-01-01 20:00:00,0:47,Frisco,Residential
794,2018-04-07,97.32,20.0,0.2055,1900-01-01 20:30:00,1900-01-01 21:07:00,0:37,Frisco,Hotel
795,2018-04-07,59.48,12.0,0.2017,1900-01-01 20:28:00,1900-01-01 21:30:00,1:02,Frisco,Residential
796,2018-04-08,44.06,6.0,0.1362,1900-01-01 17:17:00,1900-01-01 17:48:00,0:31,Frisco,Residential
797,2018-04-08,34.86,4.0,0.1147,1900-01-01 17:06:00,1900-01-01 18:00:00,0:54,Frisco,Residential
798,2018-04-08,36.81,5.0,0.1358,1900-01-01 17:17:00,1900-01-01 18:17:00,1:00,Frisco,Residential
799,2018-04-08,41.68,8.32,0.1996,1900-01-01 19:10:00,1900-01-01 19:38:00,0:28,Plano,Residential
800,2018-04-08,71.88,8.0,0.1113,1900-01-01 19:11:00,1900-01-01 19:53:00,0:42,Plano,Residential
801,2018-04-13,33.5,5.0,0.1493,1900-01-01 17:05:00,1900-01-01 17:46:00,0:41,Frisco,Residential
802,2018-04-13,53.75,10.0,0.186,1900-01-01 17:09:00,1900-01-01 18:04:00,0:55,Frisco,Hotel
803,2018-04-13,32.2,5.0,0.1553,1900-01-01 17:09:00,1900-01-01 18:19:00,1:10,Frisco,Apartment
804,2018-04-13,24.57,4.0,0.1628,1900-01-01 18:45:00,1900-01-01 19:20:00,0:35,Frisco,Hotel
805,2018-04-13,58.4,1.5,0.0257,1900-01-01 18:45:00,1900-01-01 19:38:00,0:53,McKinney,Residential
806,2018-04-13,35.67,4.0,0.1121,1900-01-01 18:55:00,1900-01-01 19:47:00,0:52,Frisco,Residential
807,2018-04-13,29.71,9.0,0.3029,1900-01-01 19:58:00,1900-01-01 20:36:00,0:38,The Colony,Residential
808,2018-04-14,33.5,4.0,0.1194,1900-01-01 17:32:00,1900-01-01 18:10:00,0:38,Frisco,Residential
809,2018-04-14,43.19,5.0,0.1158,1900-01-01 17:43:00,1900-01-01 18:26:00,0:43,Frisco,Residential
810,2018-04-14,18.94,4.0,0.2112,1900-01-01 18:38:00,1900-01-01 19:20:00,0:42,Frisco,Apartment
811,2018-04-14,34.04,6.0,0.1763,1900-01-01 18:31:00,1900-01-01 19:38:00,1:07,Frisco,Residential
812,2018-04-14,23.27,10.0,0.4297,1900-01-01 20:09:00,1900-01-01 20:46:00,0:37,Frisco,Hotel
813,2018-04-14,29.44,5.0,0.1698,1900-01-01 20:03:00,1900-01-01 21:00:00,0:57,Frisco,Apartment
814,2018-04-15,39.51,5.0,0.1266,1900-01-01 17:11:00,1900-01-01 17:46:00,0:35,The Colony,Residential
815,2018-04-15,23.82,6.18,0.2594,1900-01-01 17:11:00,1900-01-01 17:59:00,0:48,Frisco,Residential
816,2018-04-15,62.41,5.0,0.0801,1900-01-01 17:19:00,1900-01-01 18:11:00,0:52,Frisco,Residential
817,2018-04-15,48.39,3.0,0.062,1900-01-01 18:50:00,1900-01-01 19:27:00,0:37,Plano,Residential
818,2018-04-15,40.54,6.0,0.148,1900-01-01 18:49:00,1900-01-01 19:39:00,0:50,Plano,Residential
819,2018-04-15,31.07,3.0,0.0966,1900-01-01 19:42:00,1900-01-01 20:29:00,0:47,Frisco,Residential
820,2018-04-15,31.34,5.0,0.1595,1900-01-01 19:54:00,1900-01-01 20:36:00,0:42,Frisco,Residential
821,2018-04-20,78.32,7.0,0.0894,1900-01-01 17:40:00,1900-01-01 17:40:00,0:00,Frisco,Residential
822,2018-04-20,37.02,8.98,0.2426,1900-01-01 17:52:00,1900-01-01 18:28:00,0:36,Frisco,Residential
823,2018-04-20,49.09,10.91,0.2222,1900-01-01 18:43:00,1900-01-01 19:35:00,0:52,McKinney,Residential
824,2018-04-20,48.01,6.0,0.125,1900-01-01 18:51:00,1900-01-01 19:50:00,0:59,Frisco,Residential
825,2018-04-20,29.77,8.0,0.2687,1900-01-01 18:58:00,1900-01-01 20:04:00,1:06,Frisco,Residential
826,2018-04-21,31.07,4.0,0.1287,1900-01-01 17:06:00,1900-01-01 17:37:00,0:31,Plano,Residential
827,2018-04-21,35.4,2.0,0.0565,1900-01-01 17:56:00,1900-01-01 18:25:00,0:29,Frisco,Residential
828,2018-04-21,27.6,5.0,0.1812,1900-01-01 18:45:00,1900-01-01 19:22:00,0:37,Plano,Residential
829,2018-04-21,44.92,10.0,0.2226,1900-01-01 18:46:00,1900-01-01 19:39:00,0:53,Plano,Residential
830,2018-04-21,14.88,1.0,0.0672,1900-01-01 18:57:00,1900-01-01 19:50:00,0:53,Plano,Residential
831,2018-04-21,56.99,13.01,0.2283,1900-01-01 20:15:00,1900-01-01 20:42:00,0:27,Frisco,Residential
832,2018-04-21,39.46,13.0,0.3294,1900-01-01 20:02:00,1900-01-01 20:48:00,0:46,Frisco,Residential
833,2018-04-21,31.93,6.0,0.1879,1900-01-01 20:07:00,1900-01-01 21:02:00,0:55,Frisco,Residential
834,2018-04-21,38.37,6.0,0.1564,1900-01-01 20:20:00,1900-01-01 21:13:00,0:53,Frisco,Residential
835,2018-04-22,30.85,4.0,0.1297,1900-01-01 16:38:00,1900-01-01 17:08:00,0:30,Plano,Apartment
836,2018-04-22,17.0,7.0,0.4118,1900-01-01 17:09:00,1900-01-01 17:37:00,0:28,Frisco,Residential
837,2018-04-22,37.02,6.0,0.1621,1900-01-01 18:10:00,1900-01-01 18:41:00,0:31,Plano,Apartment
838,2018-04-22,44.0,7.0,0.1591,1900-01-01 18:13:00,1900-01-01 18:53:00,0:40,Plano,Residential
839,2018-04-22,35.72,4.0,0.112,1900-01-01 19:17:00,1900-01-01 19:46:00,0:29,Plano,Residential
840,2018-04-22,31.92,8.0,0.2506,1900-01-01 19:12:00,1900-01-01 20:04:00,0:52,Plano,Apartment
841,2018-04-22,20.03,7.97,0.3979,1900-01-01 19:53:00,1900-01-01 20:35:00,0:42,Frisco,Hotel
842,2018-04-22,53.31,1.69,0.0317,1900-01-01 19:52:00,1900-01-01 20:35:00,0:43,Frisco,Hotel
843,2018-04-22,16.78,3.0,0.1788,1900-01-01 19:54:00,1900-01-01 20:35:00,0:41,Frisco,Hotel
844,2018-04-22,49.42,4.0,0.0809,1900-01-01 19:56:00,1900-01-01 20:45:00,0:49,Frisco,Hotel
845,2018-04-22,25.93,5.0,0.1928,1900-01-01 20:09:00,1900-01-01 21:03:00,0:54,Frisco,Residential
846,2018-04-28,40.54,5.0,0.1233,1900-01-01 17:05:00,1900-01-01 17:31:00,0:26,Plano,Residential
847,2018-04-28,85.4,10.0,0.1171,1900-01-01 18:22:00,1900-01-01 18:56:00,0:34,Plano,Residential
848,2018-04-28,98.13,18.0,0.1834,1900-01-01 18:26:00,1900-01-01 19:01:00,0:35,Plano,Residential
849,2018-04-28,15.7,4.3,0.2739,1900-01-01 18:47:00,1900-01-01 19:30:00,0:43,Frisco,Residential
850,2018-04-28,53.26,10.0,0.1878,1900-01-01 18:48:00,1900-01-01 19:45:00,0:57,Frisco,Residential
851,2018-04-28,22.68,4.0,0.1764,1900-01-01 19:50:00,1900-01-01 20:15:00,0:25,Frisco,Residential
852,2018-04-28,33.56,3.0,0.0894,1900-01-01 20:09:00,1900-01-01 20:55:00,0:46,Plano,Apartment
853,2018-04-29,38.37,4.0,0.1042,1900-01-01 17:54:00,1900-01-01 18:15:00,0:21,Plano,Apartment
854,2018-04-29,29.17,3.0,0.1028,1900-01-01 17:58:00,1900-01-01 18:30:00,0:32,Plano,Residential
855,2018-04-29,47.79,6.0,0.1255,1900-01-01 18:45:00,1900-01-01 19:35:00,0:50,Plano,Residential
856,2018-04-29,81.95,8.05,0.0982,1900-01-01 18:54:00,1900-01-01 19:54:00,1:00,Frisco,Residential
857,2018-04-29,51.04,12.0,0.2351,1900-01-01 19:01:00,1900-01-01 20:09:00,1:08,Frisco,Residential
858,2018-05-04,32.42,8.0,0.2468,1900-01-01 17:47:00,1900-01-01 18:40:00,0:53,Frisco,Residential
859,2018-05-04,62.19,20.0,0.3216,1900-01-01 17:57:00,1900-01-01 18:47:00,0:50,Frisco,Residential
860,2018-05-04,57.59,5.0,0.0868,1900-01-01 18:00:00,1900-01-01 18:54:00,0:54,Frisco,Residential
861,2018-05-04,65.49,12.51,0.191,1900-01-01 17:59:00,1900-01-01 19:11:00,1:12,McKinney,Residential
862,2018-05-04,36.14,4.0,0.1107,1900-01-01 19:06:00,1900-01-01 19:50:00,0:44,Plano,Residential
863,2018-05-06,35.94,12.0,0.3339,1900-01-01 17:21:00,1900-01-01 18:08:00,0:47,Frisco,Residential
864,2018-05-06,88.39,9.0,0.1018,1900-01-01 17:28:00,1900-01-01 18:23:00,0:55,Frisco,Residential
865,2018-05-06,27.01,5.0,0.1851,1900-01-01 18:16:00,1900-01-01 18:53:00,0:37,Frisco,Residential
866,2018-05-06,22.41,5.0,0.2231,1900-01-01 18:09:00,1900-01-01 18:58:00,0:49,Frisco,Residential
867,2018-05-06,31.88,5.12,0.1606,1900-01-01 19:26:00,1900-01-01 20:06:00,0:40,Frisco,Apartment
868,2018-05-11,20.57,1.43,0.0695,1900-01-01 17:24:00,1900-01-01 18:00:00,0:36,Plano,Hotel
869,2018-05-11,21.33,7.0,0.3282,1900-01-01 17:24:00,1900-01-01 18:16:00,0:52,Plano,Residential
870,2018-05-11,42.98,5.0,0.1163,1900-01-01 17:43:00,1900-01-01 18:32:00,0:49,Allen,Residential
871,2018-05-11,20.57,3.0,0.1458,1900-01-01 18:39:00,1900-01-01 19:17:00,0:38,Frisco,Residential
872,2018-05-11,30.26,3.74,0.1236,1900-01-01 19:26:00,1900-01-01 20:08:00,0:42,Frisco,Apartment
873,2018-05-11,37.51,7.0,0.1866,1900-01-01 19:45:00,1900-01-01 20:25:00,0:40,Frisco,Residential
874,2018-05-11,37.35,5.0,0.1339,1900-01-01 20:36:00,1900-01-01 21:00:00,0:24,Frisco,Hotel
875,2018-05-11,22.68,5.0,0.2205,1900-01-01 20:26:00,1900-01-01 21:18:00,0:52,Frisco,Residential
876,2018-05-11,55.05,5.0,0.0908,1900-01-01 20:31:00,1900-01-01 21:31:00,1:00,Frisco,Residential
877,2018-05-12,30.53,5.0,0.1638,1900-01-01 17:30:00,1900-01-01 17:30:00,0:00,Frisco,Residential
878,2018-05-12,13.53,5.0,0.3695,1900-01-01 18:15:00,1900-01-01 18:54:00,0:39,Frisco,Apartment
879,2018-05-12,41.08,8.0,0.1947,1900-01-01 18:28:00,1900-01-01 19:14:00,0:46,Frisco,Residential
880,2018-05-12,39.67,10.0,0.2521,1900-01-01 19:22:00,1900-01-01 20:04:00,0:42,Plano,Residential
881,2018-05-18,47.47,5.0,0.1053,1900-01-01 16:47:00,1900-01-01 17:15:00,0:28,Plano,Residential
882,2018-05-18,67.92,6.0,0.0883,1900-01-01 18:12:00,1900-01-01 19:08:00,0:56,The Colony,Residential
883,2018-05-18,46.55,8.0,0.1719,1900-01-01 18:15:00,1900-01-01 19:18:00,1:03,Carrollton,Residential
884,2018-05-18,30.31,5.0,0.165,1900-01-01 18:22:00,1900-01-01 19:28:00,1:06,Plano,Residential
885,2018-05-18,31.39,5.0,0.1593,1900-01-01 19:32:00,1900-01-01 20:08:00,0:36,Plano,Residential
886,2018-05-18,45.63,7.0,0.1534,1900-01-01 19:31:00,1900-01-01 20:18:00,0:47,Plano,Residential
887,2018-05-19,19.21,5.0,0.2603,1900-01-01 16:34:00,1900-01-01 16:58:00,0:24,Frisco,Business
888,2018-05-19,54.56,13.44,0.2463,1900-01-01 16:37:00,1900-01-01 17:05:00,0:28,Frisco,Residential
889,2018-05-19,38.05,7.0,0.184,1900-01-01 18:19:00,1900-01-01 19:06:00,0:47,Frisco,Residential
890,2018-05-19,79.78,12.0,0.1504,1900-01-01 18:24:00,1900-01-01 19:10:00,0:46,Frisco,Residential
891,2018-05-19,27.87,10.0,0.3588,1900-01-01 18:40:00,1900-01-01 19:18:00,0:38,Frisco,Residential
892,2018-05-19,18.35,5.0,0.2725,1900-01-01 18:29:00,1900-01-01 19:30:00,1:01,Frisco,Residential
893,2018-05-19,63.76,12.0,0.1882,1900-01-01 19:30:00,1900-01-01 19:59:00,0:29,Plano,Residential
894,2018-05-19,71.77,14.0,0.1951,1900-01-01 19:30:00,1900-01-01 20:09:00,0:39,Frisco,Business
895,2018-05-19,59.7,12.0,0.201,1900-01-01 19:29:00,1900-01-01 20:20:00,0:51,Frisco,Residential
896,2018-05-19,29.77,5.0,0.168,1900-01-01 20:22:00,1900-01-01 20:55:00,0:33,Plano,Apartment
897,2018-05-19,41.08,3.92,0.0954,1900-01-01 20:39:00,1900-01-01 21:25:00,0:46,Frisco,Apartment
898,2018-05-19,22.14,2.0,0.0903,1900-01-01 20:43:00,1900-01-01 21:38:00,0:55,Frisco,Residential
899,2018-05-20,88.61,10.0,0.1129,1900-01-01 17:14:00,1900-01-01 17:55:00,0:41,Lewisville,Residential
900,2018-05-20,34.86,7.0,0.2008,1900-01-01 18:10:00,1900-01-01 18:39:00,0:29,Frisco,Residential
901,2018-05-20,58.83,13.0,0.221,1900-01-01 18:13:00,1900-01-01 18:53:00,0:40,Frisco,Residential
902,2018-05-20,37.35,7.0,0.1874,1900-01-01 19:11:00,1900-01-01 19:49:00,0:38,Frisco,Residential
903,2018-05-20,64.57,3.0,0.0465,1900-01-01 19:16:00,1900-01-01 19:55:00,0:39,Frisco,Residential
904,2018-05-20,66.68,13.0,0.195,1900-01-01 19:16:00,1900-01-01 20:11:00,0:55,Frisco,Residential
905,2018-05-20,42.92,3.0,0.0699,1900-01-01 19:16:00,1900-01-01 20:20:00,1:04,Frisco,Residential
906,2018-05-25,44.33,7.0,0.1579,1900-01-01 17:24:00,1900-01-01 17:58:00,0:34,Frisco,Residential
907,2018-05-25,41.57,5.0,0.1203,1900-01-01 17:31:00,1900-01-01 18:15:00,0:44,Frisco,Residential
908,2018-05-25,31.34,7.0,0.2234,1900-01-01 18:27:00,1900-01-01 19:12:00,0:45,Frisco,Residential
909,2018-05-25,35.72,4.0,0.112,1900-01-01 18:33:00,1900-01-01 19:15:00,0:42,Frisco,Residential
910,2018-05-25,39.94,9.06,0.2268,1900-01-01 18:46:00,1900-01-01 19:25:00,0:39,Frisco,Residential
911,2018-05-25,38.59,4.0,0.1037,1900-01-01 18:25:00,1900-01-01 19:34:00,1:09,Frisco,Residential
912,2018-05-25,117.23,10.0,0.0853,1900-01-01 18:38:00,1900-01-01 19:43:00,1:05,Frisco,Residential
913,2018-05-25,35.18,5.82,0.1654,1900-01-01 19:55:00,1900-01-01 20:36:00,0:41,Frisco,Residential
914,2018-05-26,93.64,5.0,0.0534,1900-01-01 18:30:00,1900-01-01 18:30:00,0:00,Plano,Business
915,2018-05-26,39.94,5.0,0.1252,1900-01-01 18:11:00,1900-01-01 18:51:00,0:40,Plano,Residential
916,2018-05-26,47.58,6.0,0.1261,1900-01-01 18:37:00,1900-01-01 19:22:00,0:45,Plano,Residential
917,2018-05-26,31.12,15.0,0.482,1900-01-01 18:39:00,1900-01-01 19:29:00,0:50,Plano,Residential
918,2018-05-26,25.71,5.0,0.1945,1900-01-01 18:59:00,1900-01-01 19:38:00,0:39,The Colony,Residential
919,2018-05-27,22.95,5.0,0.2179,1900-01-01 17:08:00,1900-01-01 17:40:00,0:32,Frisco,Business
920,2018-05-27,51.58,6.0,0.1163,1900-01-01 18:03:00,1900-01-01 18:53:00,0:50,Frisco,Residential
921,2018-05-27,8.77,6.23,0.7104,1900-01-01 19:53:00,1900-01-01 20:34:00,0:41,Frisco,Residential
922,2018-05-27,21.65,4.0,0.1848,1900-01-01 20:07:00,1900-01-01 20:51:00,0:44,Frisco,Apartment
923,2018-05-27,38.37,12.0,0.3127,1900-01-01 20:02:00,1900-01-01 21:05:00,1:03,The Colony,Residential
924,2018-05-27,49.47,7.53,0.1522,1900-01-01 21:22:00,1900-01-01 21:49:00,0:27,Plano,Residential
925,2018-05-28,28.52,10.0,0.3506,1900-01-01 16:27:00,1900-01-01 16:55:00,0:28,Plano,Hotel
926,2018-05-28,33.5,6.0,0.1791,1900-01-01 16:24:00,1900-01-01 17:08:00,0:44,Carrollton,Residential
927,2018-05-28,19.21,4.79,0.2493,1900-01-01 17:32:00,1900-01-01 17:58:00,0:26,Frisco,Residential
928,2018-05-28,130.77,20.0,0.1529,1900-01-01 17:25:00,1900-01-01 18:20:00,0:55,Frisco,Residential
929,2018-05-28,51.04,4.0,0.0784,1900-01-01 17:33:00,1900-01-01 18:35:00,1:02,Frisco,Residential
930,2018-05-28,51.91,6.0,0.1156,1900-01-01 18:40:00,1900-01-01 19:17:00,0:37,Frisco,Residential
931,2018-05-28,43.03,15.0,0.3486,1900-01-01 19:28:00,1900-01-01 20:00:00,0:32,Frisco,Residential
932,2018-05-30,19.43,2.0,0.1029,1900-01-01 18:24:00,1900-01-01 19:01:00,0:37,Frisco,Residential
933,2018-05-30,36.48,7.0,0.1919,1900-01-01 19:27:00,1900-01-01 19:47:00,0:20,Frisco,Residential
934,2018-05-31,55.95,5.0,0.0894,1900-01-01 17:11:00,1900-01-01 17:45:00,0:34,Carrollton,Apartment
935,2018-05-31,51.96,2.0,0.0385,1900-01-01 18:14:00,1900-01-01 18:46:00,0:32,Frisco,Residential
936,2018-06-01,16.18,4.0,0.2472,1900-01-01 17:48:00,1900-01-01 18:23:00,0:35,Plano,Apartment
937,2018-06-01,37.38,8.0,0.214,1900-01-01 18:25:00,1900-01-01 19:11:00,0:46,Frisco,Hotel
938,2018-06-01,42.7,17.3,0.4052,1900-01-01 18:36:00,1900-01-01 19:32:00,0:56,Frisco,Residential
939,2018-06-01,53.53,10.0,0.1868,1900-01-01 18:32:00,1900-01-01 19:44:00,1:12,Frisco,Residential
940,2018-06-01,61.81,10.0,0.1618,1900-01-01 18:36:00,1900-01-01 19:51:00,1:15,Frisco,Residential
941,2018-06-01,38.37,6.0,0.1564,1900-01-01 19:18:00,1900-01-01 20:27:00,1:09,Frisco,Residential
942,2018-06-01,44.6,7.0,0.157,1900-01-01 19:49:00,1900-01-01 21:01:00,1:12,Frisco,Residential
943,2018-06-01,27.3,13.0,0.4762,1900-01-01 20:56:00,1900-01-01 21:47:00,0:51,The Colony,Apartment
944,2018-06-02,51.31,5.0,0.0974,1900-01-01 17:50:00,1900-01-01 18:09:00,0:19,Lewisville,Residential
945,2018-06-02,21.05,4.95,0.2352,1900-01-01 17:38:00,1900-01-01 18:31:00,0:53,Plano,Residential
946,2018-06-02,30.31,5.0,0.165,1900-01-01 18:43:00,1900-01-01 19:23:00,0:40,Plano,Residential
947,2018-06-02,41.08,8.0,0.1947,1900-01-01 18:47:00,1900-01-01 19:34:00,0:47,Allen,Residential
948,2018-06-02,22.41,4.0,0.1785,1900-01-01 20:02:00,1900-01-01 20:30:00,0:28,Plano,Residential
949,2018-06-02,12.18,2.0,0.1642,1900-01-01 20:38:00,1900-01-01 21:27:00,0:49,Plano,Apartment
950,2018-06-02,171.96,20.0,0.1163,1900-01-01 20:47:00,1900-01-01 21:45:00,0:58,Frisco,Residential
951,2018-06-02,21.6,5.0,0.2315,1900-01-01 21:00:00,1900-01-01 21:58:00,0:58,Plano,Residential
952,2018-06-03,44.06,5.9399999999999995,0.1348,1900-01-01 17:23:00,1900-01-01 17:53:00,0:30,Frisco,Residential
953,2018-06-03,64.3,15.7,0.2442,1900-01-01 18:02:00,1900-01-01 18:27:00,0:25,Frisco,Residential
954,2018-06-03,37.51,5.0,0.1333,1900-01-01 18:06:00,1900-01-01 18:44:00,0:38,Frisco,Residential
955,2018-06-03,23.76,5.0,0.2104,1900-01-01 19:08:00,1900-01-01 19:53:00,0:45,Plano,Residential
956,2018-06-03,32.2,6.0,0.1863,1900-01-01 19:31:00,1900-01-01 20:23:00,0:52,Frisco,Residential
957,2018-06-03,46.44,9.0,0.1938,1900-01-01 19:50:00,1900-01-01 20:56:00,1:06,The Colony,Residential
958,2018-06-03,49.42,10.0,0.2023,1900-01-01 19:50:00,1900-01-01 21:15:00,1:25,Frisco,Residential
959,2018-06-04,20.03,2.0,0.0999,1900-01-01 18:21:00,1900-01-01 18:50:00,0:29,Plano,Business
960,2018-06-04,36.26,5.0,0.1379,1900-01-01 18:19:00,1900-01-01 19:06:00,0:47,Plano,Residential
961,2018-06-04,28.36,6.34,0.2236,1900-01-01 19:03:00,1900-01-01 20:00:00,0:57,Frisco,Residential
962,2018-06-04,71.45,13.0,0.1819,1900-01-01 19:31:00,1900-01-01 20:16:00,0:45,Frisco,Residential
963,2018-06-04,37.78,12.12,0.3208,1900-01-01 19:35:00,1900-01-01 20:23:00,0:48,Frisco,Residential
964,2018-06-08,42.7,4.0,0.0937,1900-01-01 18:21:00,1900-01-01 18:53:00,0:32,The Colony,Residential
965,2018-06-08,24.9,5.0,0.2008,1900-01-01 18:21:00,1900-01-01 19:17:00,0:56,Frisco,Residential
966,2018-06-10,29.17,5.0,0.1714,1900-01-01 16:58:00,1900-01-01 18:03:00,1:05,Carrollton,Residential
967,2018-06-10,34.59,5.0,0.1446,1900-01-01 17:26:00,1900-01-01 18:13:00,0:47,Plano,Residential
968,2018-06-10,38.43,3.0,0.0781,1900-01-01 17:31:00,1900-01-01 18:20:00,0:49,Plano,Residential
969,2018-06-10,31.07,7.0,0.2253,1900-01-01 18:41:00,1900-01-01 19:11:00,0:30,The Colony,Residential
970,2018-06-10,34.1,5.0,0.1466,1900-01-01 19:53:00,1900-01-01 20:28:00,0:35,Frisco,Residential
971,2018-06-10,18.4,5.0,0.2717,1900-01-01 19:54:00,1900-01-01 20:40:00,0:46,Frisco,Hotel
972,2018-06-10,47.58,7.0,0.1471,1900-01-01 20:32:00,1900-01-01 21:14:00,0:42,Frisco,Residential
973,2018-06-15,61.59,7.0,0.1137,1900-01-01 17:15:00,1900-01-01 17:15:00,0:00,Frisco,Residential
974,2018-06-15,32.48,4.52,0.1392,1900-01-01 16:45:00,1900-01-01 17:39:00,0:54,Frisco,Residential
975,2018-06-15,32.96,3.0,0.091,1900-01-01 18:30:00,1900-01-01 18:30:00,0:00,Plano,Residential
976,2018-06-15,41.84,6.0,0.1434,1900-01-01 18:11:00,1900-01-01 18:41:00,0:30,Plano,Residential
977,2018-06-15,50.5,6.0,0.1188,1900-01-01 18:50:00,1900-01-01 19:34:00,0:44,Plano,Residential
978,2018-06-15,33.56,7.0,0.2086,1900-01-01 19:03:00,1900-01-01 19:50:00,0:47,Plano,Residential
979,2018-06-15,22.14,4.0,0.1807,1900-01-01 20:12:00,1900-01-01 20:41:00,0:29,Frisco,Apartment
980,2018-06-16,27.55,2.0,0.0726,1900-01-01 16:31:00,1900-01-01 17:14:00,0:43,Frisco,Residential
981,2018-06-16,27.82,3.0,0.1078,1900-01-01 18:14:00,1900-01-01 18:58:00,0:44,Frisco,Residential
982,2018-06-16,27.28,7.72,0.283,1900-01-01 18:32:00,1900-01-01 19:11:00,0:39,Frisco,Residential
983,2018-06-16,51.64,7.0,0.1356,1900-01-01 18:31:00,1900-01-01 19:38:00,1:07,Frisco,Apartment
984,2018-06-17,106.41,20.0,0.188,1900-01-01 17:12:00,1900-01-01 18:01:00,0:49,The Colony,Residential
985,2018-06-17,52.93,10.0,0.1889,1900-01-01 17:09:00,1900-01-01 18:13:00,1:04,The Colony,Residential
986,2018-06-17,35.07,3.0,0.0855,1900-01-01 18:34:00,1900-01-01 19:07:00,0:33,Plano,Residential
987,2018-06-17,29.99,8.01,0.2671,1900-01-01 19:45:00,1900-01-01 19:45:00,0:00,Frisco,Residential
988,2018-06-17,38.92,3.08,0.0791,1900-01-01 19:17:00,1900-01-01 19:52:00,0:35,Frisco,Residential
989,2018-06-17,16.18,3.0,0.1854,1900-01-01 19:26:00,1900-01-01 20:00:00,0:34,Frisco,Residential
990,2018-06-22,45.41,5.0,0.1101,1900-01-01 16:51:00,1900-01-01 17:33:00,0:42,Frisco,Residential
991,2018-06-22,51.31,5.0,0.0974,1900-01-01 18:30:00,1900-01-01 18:30:00,0:00,Lewisville,Residential
992,2018-06-22,44.6,5.0,0.1121,1900-01-01 18:41:00,1900-01-01 19:21:00,0:40,Frisco,Residential
993,2018-06-24,22.49,3.0,0.1334,1900-01-01 17:16:00,1900-01-01 18:17:00,1:01,Frisco,Business
994,2018-06-24,87.74,15.26,0.1739,1900-01-01 17:29:00,1900-01-01 18:34:00,1:05,Frisco,Residential
995,2018-06-24,46.55,9.0,0.1933,1900-01-01 17:35:00,1900-01-01 18:45:00,1:10,Frisco,Residential
996,2018-06-24,77.56,5.0,0.0645,1900-01-01 18:56:00,1900-01-01 19:32:00,0:36,Frisco,Residential
997,2018-06-24,23.54,4.0,0.1699,1900-01-01 18:57:00,1900-01-01 19:47:00,0:50,Frisco,Residential
998,2018-06-24,38.1,10.0,0.2625,1900-01-01 18:58:00,1900-01-01 19:59:00,1:01,Frisco,Residential
999,2018-06-24,47.52,5.0,0.1052,1900-01-01 19:57:00,1900-01-01 20:33:00,0:36,Frisco,Residential
1000,2018-06-24,39.19,4.0,0.1021,1900-01-01 20:03:00,1900-01-01 20:43:00,0:40,Frisco,Residential
1139,2018-08-19,28.69,5.0,0.1743,1900-01-01 17:44:00,1900-01-01 18:10:00,0:26,Frisco,Apartment
1064,2018-07-22,49.09,4.0,0.0815,1900-01-01 17:09:00,1900-01-01 17:37:00,0:28,Frisco,Apartment
1047,2018-07-14,18.67,5.0,0.2678,1900-01-01 17:32:00,1900-01-01 18:03:00,0:31,Frisco,Apartment
1171,2018-09-03,18.89,4.0,0.2118,1900-01-01 17:07:00,1900-01-01 17:39:00,0:32,Frisco,Apartment
1021,2018-07-01,39.51,6.0,0.1519,1900-01-01 20:34:00,1900-01-01 21:07:00,0:33,Frisco,Apartment
1122,2018-08-12,30.31,3.0,0.099,1900-01-01 17:39:00,1900-01-01 18:14:00,0:35,Frisco,Apartment
1243,2018-09-22,54.29,5.71,0.1052,1900-01-01 21:30:00,1900-01-01 22:13:00,0:43,Frisco,Apartment
1191,2018-09-08,16.51,6.0,0.3634,1900-01-01 16:42:00,1900-01-01 17:26:00,0:44,Frisco,Apartment
1009,2018-06-29,51.09,8.0,0.1566,1900-01-01 17:44:00,1900-01-01 18:29:00,0:45,Frisco,Apartment
1200,2018-09-08,18.08,3.0,0.1659,1900-01-01 21:23:00,1900-01-01 22:09:00,0:46,Frisco,Apartment
1090,2018-08-03,36.21,4.0,0.1105,1900-01-01 19:09:00,1900-01-01 19:59:00,0:50,Frisco,Apartment
1013,2018-06-29,55.21,19.0,0.3441,1900-01-01 18:59:00,1900-01-01 19:50:00,0:51,Frisco,Apartment
1103,2018-08-10,32.69,3.0,0.0918,1900-01-01 18:23:00,1900-01-01 19:14:00,0:51,Frisco,Apartment
1190,2018-09-08,31.88,3.12,0.0979,1900-01-01 16:21:00,1900-01-01 17:20:00,0:59,Frisco,Apartment
1143,2018-08-19,23.0,6.0,0.2609,1900-01-01 18:45:00,1900-01-01 19:50:00,1:05,Frisco,Apartment
1221,2018-09-16,16.24,3.76,0.2315,1900-01-01 18:58:00,1900-01-01 20:08:00,1:10,Frisco,Apartment
1231,2018-09-21,41.14,10.0,0.2431,1900-01-01 20:21:00,1900-01-01 21:37:00,1:16,Frisco,Apartment
1041,2018-07-08,26.74,5.0,0.187,1900-01-01 16:13:00,1900-01-01 16:33:00,0:20,Plano,Apartment
1067,2018-07-22,34.32,6.0,0.1748,1900-01-01 18:53:00,1900-01-01 19:19:00,0:26,Plano,Apartment
1051,2018-07-15,34.32,6.0,0.1748,1900-01-01 17:15:00,1900-01-01 17:45:00,0:30,Plano,Apartment
1043,2018-07-08,18.35,5.0,0.2725,1900-01-01 17:13:00,1900-01-01 17:53:00,0:40,Plano,Apartment
1186,2018-09-07,17.86,5.0,0.28,1900-01-01 19:29:00,1900-01-01 20:15:00,0:46,Plano,Apartment
1147,2018-08-25,41.68,10.0,0.2399,1900-01-01 17:46:00,1900-01-01 18:34:00,0:48,Plano,Apartment
1017,2018-06-30,18.4,5.0,0.2717,1900-01-01 18:52:00,1900-01-01 19:46:00,0:54,Plano,Apartment
1188,2018-09-07,49.8,7.0,0.1406,1900-01-01 19:40:00,1900-01-01 20:34:00,0:54,Plano,Apartment
1039,2018-07-08,17.54,4.46,0.2543,1900-01-01 13:51:00,1900-01-01 14:46:00,0:55,Plano,Apartment
1197,2018-09-08,36.75,6.0,0.1633,1900-01-01 20:20:00,1900-01-01 21:16:00,0:56,Plano,Apartment
1164,2018-09-01,36.43,10.0,0.2745,1900-01-01 18:11:00,1900-01-01 19:10:00,0:59,Plano,Apartment
1205,2018-09-10,52.5,8.5,0.1619,1900-01-01 19:19:00,1900-01-01 20:18:00,0:59,Plano,Apartment
1119,2018-08-11,38.92,6.08,0.1562,1900-01-01 20:50:00,1900-01-01 21:52:00,1:02,Plano,Apartment
1175,2018-09-03,21.33,7.0,0.3282,1900-01-01 18:34:00,1900-01-01 19:52:00,1:18,Plano,Apartment
1077,2018-07-23,12.44,4.5600000000000005,0.3666,1900-01-01 20:13:00,1900-01-01 20:46:00,0:33,The Colony,Apartment
1092,2018-08-04,56.18,4.0,0.0712,1900-01-01 18:44:00,1900-01-01 19:26:00,0:42,The Colony,Apartment
1069,2018-07-22,21.6,4.4,0.2037,1900-01-01 19:01:00,1900-01-01 19:45:00,0:44,The Colony,Apartment
1138,2018-08-18,24.57,10.0,0.407,1900-01-01 20:48:00,1900-01-01 21:43:00,0:55,The Colony,Apartment
1133,2018-08-18,20.3,3.0,0.1478,1900-01-01 18:29:00,1900-01-01 18:46:00,0:17,Frisco,Business
1247,2018-09-23,29.77,5.0,0.168,1900-01-01 17:41:00,1900-01-01 18:26:00,0:45,Plano,Business
1038,2018-07-08,38.92,8.0,0.2055,1900-01-01 13:36:00,1900-01-01 14:28:00,0:52,Plano,Business
1057,2018-07-20,47.25,5.0,0.1058,1900-01-01 19:21:00,1900-01-01 19:55:00,0:34,Frisco,Hotel
1025,2018-07-06,32.48,8.0,0.2463,1900-01-01 17:40:00,1900-01-01 18:22:00,0:42,Frisco,Hotel
1167,2018-09-01,30.85,5.0,0.1621,1900-01-01 19:04:00,1900-01-01 20:00:00,0:56,The Colony,Hotel
1151,2018-08-25,35.13,3.0,0.0854,1900-01-01 19:54:00,1900-01-01 20:26:00,0:32,Carrollton,Residential
1071,2018-07-22,32.69,10.0,0.3059,1900-01-01 20:02:00,1900-01-01 20:40:00,0:38,Carrollton,Residential
1173,2018-09-03,37.62,7.0,0.1861,1900-01-01 18:13:00,1900-01-01 19:02:00,0:49,Carrollton,Residential
1105,2018-08-10,44.0,4.0,0.0909,1900-01-01 19:19:00,1900-01-01 20:12:00,0:53,Carrollton,Residential
1106,2018-08-10,40.05,5.0,0.1248,1900-01-01 19:15:00,1900-01-01 20:21:00,1:06,Carrollton,Residential
1073,2018-07-23,63.16,22.27,0.3526,1900-01-01 19:00:00,1900-01-01 19:00:00,0:00,Frisco,Residential
1141,2018-08-19,40.54,4.0,0.0987,1900-01-01 19:20:00,1900-01-01 19:20:00,0:00,Frisco,Residential
1207,2018-09-15,94.45,15.0,0.1588,1900-01-01 17:30:00,1900-01-01 17:30:00,0:00,Frisco,Residential
1081,2018-07-28,19.7,5.3,0.269,1900-01-01 19:25:00,1900-01-01 19:45:00,0:20,Frisco,Residential
1242,2018-09-22,25.98,24.02,0.9246,1900-01-01 21:37:00,1900-01-01 21:57:00,0:20,Frisco,Residential
1065,2018-07-22,23.76,6.24,0.2626,1900-01-01 17:48:00,1900-01-01 18:13:00,0:25,Frisco,Residential
1079,2018-07-27,30.26,5.0,0.1652,1900-01-01 18:44:00,1900-01-01 19:10:00,0:26,Frisco,Residential
1125,2018-08-12,40.27,18.0,0.447,1900-01-01 18:56:00,1900-01-01 19:22:00,0:26,Frisco,Residential
1002,2018-06-25,29.77,5.23,0.1757,1900-01-01 18:50:00,1900-01-01 19:17:00,0:27,Frisco,Residential
1019,2018-07-01,65.87,15.0,0.2277,1900-01-01 19:05:00,1900-01-01 19:32:00,0:27,Frisco,Residential
1034,2018-07-08,46.49,10.0,0.2151,1900-01-01 12:54:00,1900-01-01 13:21:00,0:27,Frisco,Residential
1056,2018-07-20,27.55,15.45,0.5608,1900-01-01 18:45:00,1900-01-01 19:13:00,0:28,Frisco,Residential
1078,2018-07-27,53.75,5.0,0.093,1900-01-01 17:50:00,1900-01-01 18:18:00,0:28,Frisco,Residential
1033,2018-07-08,23.22,5.0,0.2153,1900-01-01 11:49:00,1900-01-01 12:18:00,0:29,Frisco,Residential
1144,2018-08-19,44.54,6.0,0.1347,1900-01-01 20:15:00,1900-01-01 20:44:00,0:29,Frisco,Residential
1211,2018-09-15,48.93,5.0,0.1022,1900-01-01 19:17:00,1900-01-01 19:46:00,0:29,Frisco,Residential
1032,2018-07-07,68.63,12.0,0.1749,1900-01-01 17:44:00,1900-01-01 18:14:00,0:30,Frisco,Residential
1210,2018-09-15,104.57,20.0,0.1913,1900-01-01 19:12:00,1900-01-01 19:43:00,0:31,Frisco,Residential
1022,2018-07-06,42.06,5.0,0.1189,1900-01-01 16:55:00,1900-01-01 17:27:00,0:32,Frisco,Residential
1036,2018-07-08,35.07,7.0,0.1996,1900-01-01 13:32:00,1900-01-01 14:04:00,0:32,Frisco,Residential
1052,2018-07-15,20.78,2.0,0.0962,1900-01-01 18:22:00,1900-01-01 18:54:00,0:32,Frisco,Residential
1066,2018-07-22,28.36,5.0,0.1763,1900-01-01 18:06:00,1900-01-01 18:38:00,0:32,Frisco,Residential
1238,2018-09-22,21.05,10.0,0.4751,1900-01-01 19:42:00,1900-01-01 20:15:00,0:33,Frisco,Residential
1007,2018-06-25,16.18,4.0,0.2472,1900-01-01 21:15:00,1900-01-01 21:49:00,0:34,Frisco,Residential
1085,2018-07-29,39.51,5.0,0.1266,1900-01-01 18:39:00,1900-01-01 19:13:00,0:34,Frisco,Residential
1216,2018-09-16,43.19,10.0,0.2315,1900-01-01 17:32:00,1900-01-01 18:06:00,0:34,Frisco,Residential
1018,2018-07-01,116.21,18.0,0.1549,1900-01-01 18:00:00,1900-01-01 18:35:00,0:35,Frisco,Residential
1089,2018-08-03,30.26,6.0,0.1983,1900-01-01 19:07:00,1900-01-01 19:42:00,0:35,Frisco,Residential
1108,2018-08-10,51.09,10.91,0.2135,1900-01-01 20:28:00,1900-01-01 21:03:00,0:35,Frisco,Residential
1189,2018-09-07,65.33,6.47,0.099,1900-01-01 20:18:00,1900-01-01 20:53:00,0:35,Frisco,Residential
1001,2018-06-25,32.69,3.31,0.1013,1900-01-01 18:35:00,1900-01-01 19:11:00,0:36,Frisco,Residential
1020,2018-07-01,21.65,4.0,0.1848,1900-01-01 19:46:00,1900-01-01 20:22:00,0:36,Frisco,Residential
1083,2018-07-28,22.41,4.59,0.2048,1900-01-01 20:11:00,1900-01-01 20:47:00,0:36,Frisco,Residential
1087,2018-08-03,45.09,4.0,0.0887,1900-01-01 17:12:00,1900-01-01 17:48:00,0:36,Frisco,Residential
1213,2018-09-15,40.59,0.0,0.0,1900-01-01 20:37:00,1900-01-01 21:13:00,0:36,Frisco,Residential
1248,2018-09-23,21.05,4.0,0.19,1900-01-01 18:27:00,1900-01-01 19:03:00,0:36,Frisco,Residential
1003,2018-06-25,68.09,15.0,0.2203,1900-01-01 19:47:00,1900-01-01 20:24:00,0:37,Frisco,Residential
1045,2018-07-08,22.41,5.0,0.2231,1900-01-01 18:08:00,1900-01-01 18:45:00,0:37,Frisco,Residential
1107,2018-08-10,40.58,5.0,0.1232,1900-01-01 20:21:00,1900-01-01 20:58:00,0:37,Frisco,Residential
1215,2018-09-16,74.31,13.85,0.1864,1900-01-01 17:22:00,1900-01-01 17:59:00,0:37,Frisco,Residential
1099,2018-08-05,55.02,12.0,0.2181,1900-01-01 18:26:00,1900-01-01 19:04:00,0:38,Frisco,Residential
1239,2018-09-22,22.14,3.0,0.1355,1900-01-01 19:50:00,1900-01-01 20:28:00,0:38,Frisco,Residential
1030,2018-07-06,28.36,6.0,0.2116,1900-01-01 20:03:00,1900-01-01 20:42:00,0:39,Frisco,Residential
1053,2018-07-15,31.83,6.0,0.1885,1900-01-01 18:26:00,1900-01-01 19:05:00,0:39,Frisco,Residential
1080,2018-07-28,16.51,2.0,0.1211,1900-01-01 17:48:00,1900-01-01 18:27:00,0:39,Frisco,Residential
1082,2018-07-28,41.62,8.0,0.1922,1900-01-01 20:00:00,1900-01-01 20:39:00,0:39,Frisco,Residential
1249,2018-09-23,41.3,5.0,0.1211,1900-01-01 18:35:00,1900-01-01 19:14:00,0:39,Frisco,Residential
1035,2018-07-08,20.57,5.43,0.264,1900-01-01 13:19:00,1900-01-01 13:59:00,0:40,Frisco,Residential
1100,2018-08-05,13.53,4.0,0.2956,1900-01-01 18:36:00,1900-01-01 19:16:00,0:40,Frisco,Residential
1113,2018-08-11,45.9,3.0,0.0654,1900-01-01 19:06:00,1900-01-01 19:46:00,0:40,Frisco,Residential
1194,2018-09-08,18.35,3.0,0.1635,1900-01-01 18:44:00,1900-01-01 19:24:00,0:40,Frisco,Residential
1006,2018-06-25,20.24,4.76,0.2352,1900-01-01 20:29:00,1900-01-01 21:10:00,0:41,Frisco,Residential
1023,2018-07-06,55.15,5.0,0.0907,1900-01-01 16:56:00,1900-01-01 17:37:00,0:41,Frisco,Residential
1140,2018-08-19,21.05,3.0,0.1425,1900-01-01 17:44:00,1900-01-01 18:25:00,0:41,Frisco,Residential
1204,2018-09-10,38.65,7.0,0.1811,1900-01-01 19:07:00,1900-01-01 19:48:00,0:41,Frisco,Residential
1206,2018-09-10,48.83,8.77,0.1796,1900-01-01 21:21:00,1900-01-01 22:02:00,0:41,Frisco,Residential
1241,2018-09-22,24.9,5.1,0.2048,1900-01-01 20:34:00,1900-01-01 21:15:00,0:41,Frisco,Residential
1121,2018-08-12,23.22,5.0,0.2153,1900-01-01 17:22:00,1900-01-01 18:04:00,0:42,Frisco,Residential
1159,2018-08-31,40.0,6.0,0.15,1900-01-01 20:38:00,1900-01-01 21:21:00,0:43,Frisco,Residential
1193,2018-09-08,14.51,5.0,0.3446,1900-01-01 18:27:00,1900-01-01 19:10:00,0:43,Frisco,Residential
1233,2018-09-22,43.19,6.0,0.1389,1900-01-01 17:39:00,1900-01-01 18:22:00,0:43,Frisco,Residential
1235,2018-09-22,41.89,6.0,0.1432,1900-01-01 18:00:00,1900-01-01 18:43:00,0:43,Frisco,Residential
1004,2018-06-25,70.69,19.31,0.2732,1900-01-01 19:48:00,1900-01-01 20:32:00,0:44,Frisco,Residential
1005,2018-06-25,33.83,26.17,0.7736,1900-01-01 20:14:00,1900-01-01 20:58:00,0:44,Frisco,Residential
1101,2018-08-10,34.26,5.0,0.1459,1900-01-01 18:04:00,1900-01-01 18:48:00,0:44,Frisco,Residential
1169,2018-09-01,49.47,7.0,0.1415,1900-01-01 19:56:00,1900-01-01 20:40:00,0:44,Frisco,Residential
1232,2018-09-22,44.82,3.0,0.0669,1900-01-01 16:42:00,1900-01-01 17:26:00,0:44,Frisco,Residential
1093,2018-08-04,22.41,5.0,0.2231,1900-01-01 18:55:00,1900-01-01 19:40:00,0:45,Frisco,Residential
1109,2018-08-10,24.57,0.43,0.0175,1900-01-01 20:30:00,1900-01-01 21:15:00,0:45,Frisco,Residential
1102,2018-08-10,47.31,10.0,0.2114,1900-01-01 18:15:00,1900-01-01 19:00:00,0:45,Frisco,Residential
1127,2018-08-17,24.03,4.0,0.1665,1900-01-01 18:13:00,1900-01-01 18:58:00,0:45,Frisco,Residential
1132,2018-08-18,39.94,4.0,0.1002,1900-01-01 17:24:00,1900-01-01 18:09:00,0:45,Frisco,Residential
1156,2018-08-31,101.3,15.0,0.1481,1900-01-01 19:35:00,1900-01-01 20:20:00,0:45,Frisco,Residential
1181,2018-09-06,29.99,5.0,0.1667,1900-01-01 19:10:00,1900-01-01 19:55:00,0:45,Frisco,Residential
1183,2018-09-07,54.88,5.0,0.0911,1900-01-01 18:30:00,1900-01-01 19:15:00,0:45,Frisco,Residential
1044,2018-07-08,111.5,25.0,0.2242,1900-01-01 17:54:00,1900-01-01 18:40:00,0:46,Frisco,Residential
1098,2018-08-05,69.71,10.0,0.1435,1900-01-01 17:29:00,1900-01-01 18:15:00,0:46,Frisco,Residential
1234,2018-09-22,36.48,5.0,0.1371,1900-01-01 17:49:00,1900-01-01 18:35:00,0:46,Frisco,Residential
1245,2018-09-23,42.7,8.0,0.1874,1900-01-01 16:51:00,1900-01-01 17:37:00,0:46,Frisco,Residential
1134,2018-08-18,104.46,10.0,0.0957,1900-01-01 18:18:00,1900-01-01 19:05:00,0:47,Frisco,Residential
1157,2018-08-31,38.65,10.0,0.2587,1900-01-01 19:44:00,1900-01-01 20:31:00,0:47,Frisco,Residential
1095,2018-08-04,47.31,8.0,0.1691,1900-01-01 19:57:00,1900-01-01 20:45:00,0:48,Frisco,Residential
1096,2018-08-05,25.44,5.0,0.1965,1900-01-01 17:07:00,1900-01-01 17:55:00,0:48,Frisco,Residential
1228,2018-09-21,50.23,9.76,0.1943,1900-01-01 19:23:00,1900-01-01 20:11:00,0:48,Frisco,Residential
1251,2018-09-23,26.74,2.0,0.0748,1900-01-01 18:44:00,1900-01-01 19:32:00,0:48,Frisco,Residential
1046,2018-07-08,19.97,4.0,0.2003,1900-01-01 18:11:00,1900-01-01 19:00:00,0:49,Frisco,Residential
1161,2018-08-31,53.75,10.0,0.186,1900-01-01 20:53:00,1900-01-01 21:42:00,0:49,Frisco,Residential
1072,2018-07-23,38.1,10.0,0.2625,1900-01-01 17:57:00,1900-01-01 18:48:00,0:51,Frisco,Residential
1124,2018-08-12,48.66,7.0,0.1439,1900-01-01 17:42:00,1900-01-01 18:33:00,0:51,Frisco,Residential
1160,2018-08-31,28.9,5.0,0.173,1900-01-01 20:37:00,1900-01-01 21:28:00,0:51,Frisco,Residential
1198,2018-09-08,23.27,16.73,0.719,1900-01-01 20:34:00,1900-01-01 21:25:00,0:51,Frisco,Residential
1219,2018-09-16,46.44,7.0,0.1507,1900-01-01 18:34:00,1900-01-01 19:25:00,0:51,Frisco,Residential
1058,2018-07-20,49.74,7.0,0.1407,1900-01-01 19:25:00,1900-01-01 20:17:00,0:52,Frisco,Residential
1158,2018-08-31,18.35,5.0,0.2725,1900-01-01 19:49:00,1900-01-01 20:41:00,0:52,Frisco,Residential
1224,2018-09-21,47.79,10.0,0.2092,1900-01-01 17:58:00,1900-01-01 18:50:00,0:52,Frisco,Residential
1154,2018-08-31,50.55,8.0,0.1583,1900-01-01 18:15:00,1900-01-01 19:08:00,0:53,Frisco,Residential
1178,2018-09-06,115.02,15.0,0.1304,1900-01-01 18:52:00,1900-01-01 19:45:00,0:53,Frisco,Residential
1236,2018-09-22,38.37,3.0,0.0782,1900-01-01 18:28:00,1900-01-01 19:21:00,0:53,Frisco,Residential
1014,2018-06-29,66.74,12.0,0.1798,1900-01-01 19:13:00,1900-01-01 20:07:00,0:54,Frisco,Residential
1097,2018-08-05,51.91,10.0,0.1926,1900-01-01 17:11:00,1900-01-01 18:05:00,0:54,Frisco,Residential
1128,2018-08-17,38.37,5.0,0.1303,1900-01-01 18:19:00,1900-01-01 19:13:00,0:54,Frisco,Residential
1024,2018-07-06,71.72,9.0,0.1255,1900-01-01 17:40:00,1900-01-01 18:35:00,0:55,Frisco,Residential
1114,2018-08-11,33.02,3.0,0.0909,1900-01-01 19:05:00,1900-01-01 20:00:00,0:55,Frisco,Residential
1123,2018-08-12,28.62,7.0,0.2446,1900-01-01 17:32:00,1900-01-01 18:27:00,0:55,Frisco,Residential
1196,2018-09-08,88.61,5.0,0.0564,1900-01-01 19:45:00,1900-01-01 20:40:00,0:55,Frisco,Residential
1246,2018-09-23,44.33,7.0,0.1579,1900-01-01 17:16:00,1900-01-01 18:11:00,0:55,Frisco,Residential
1027,2018-07-06,57.59,5.0,0.0868,1900-01-01 17:59:00,1900-01-01 18:56:00,0:57,Frisco,Residential
1208,2018-09-15,50.55,10.0,0.1978,1900-01-01 16:58:00,1900-01-01 17:55:00,0:57,Frisco,Residential
1240,2018-09-22,19.43,3.0,0.1544,1900-01-01 20:06:00,1900-01-01 21:03:00,0:57,Frisco,Residential
1250,2018-09-23,29.77,3.0,0.1008,1900-01-01 18:25:00,1900-01-01 19:22:00,0:57,Frisco,Residential
1135,2018-08-18,62.19,20.0,0.3216,1900-01-01 19:17:00,1900-01-01 20:15:00,0:58,Frisco,Residential
1026,2018-07-06,27.82,4.17,0.1499,1900-01-01 17:44:00,1900-01-01 18:43:00,0:59,Frisco,Residential
1037,2018-07-08,46.44,5.0,0.1077,1900-01-01 13:13:00,1900-01-01 14:12:00,0:59,Frisco,Residential
1184,2018-09-07,39.13,5.0,0.1278,1900-01-01 18:32:00,1900-01-01 19:31:00,0:59,Frisco,Residential
1229,2018-09-21,34.59,4.41,0.1275,1900-01-01 19:26:00,1900-01-01 20:25:00,0:59,Frisco,Residential
1237,2018-09-22,28.15,5.0,0.1776,1900-01-01 18:43:00,1900-01-01 19:42:00,0:59,Frisco,Residential
1010,2018-06-29,36.48,8.0,0.2193,1900-01-01 17:44:00,1900-01-01 18:45:00,1:01,Frisco,Residential
1195,2018-09-08,29.71,4.0,0.1346,1900-01-01 19:26:00,1900-01-01 20:27:00,1:01,Frisco,Residential
1115,2018-08-11,36.75,8.0,0.2177,1900-01-01 19:10:00,1900-01-01 20:12:00,1:02,Frisco,Residential
1153,2018-08-31,49.25,6.0,0.1218,1900-01-01 17:59:00,1900-01-01 19:01:00,1:02,Frisco,Residential
1203,2018-09-10,43.24,5.0,0.1156,1900-01-01 18:19:00,1900-01-01 19:21:00,1:02,Frisco,Residential
1225,2018-09-21,23.49,15.51,0.6603,1900-01-01 18:03:00,1900-01-01 19:05:00,1:02,Frisco,Residential
1185,2018-09-07,12.45,25.0,2.008,1900-01-01 18:36:00,1900-01-01 19:39:00,1:03,Frisco,Residential
1116,2018-08-11,50.82,5.0,0.0984,1900-01-01 19:17:00,1900-01-01 20:21:00,1:04,Frisco,Residential
1142,2018-08-19,26.03,6.0,0.2305,1900-01-01 18:34:00,1900-01-01 19:38:00,1:04,Frisco,Residential
1199,2018-09-08,43.19,4.0,0.0926,1900-01-01 20:32:00,1900-01-01 21:36:00,1:04,Frisco,Residential
1076,2018-07-23,64.79,5.0,0.0772,1900-01-01 19:11:00,1900-01-01 20:16:00,1:05,Frisco,Residential
1129,2018-08-17,66.03,4.0,0.0606,1900-01-01 18:21:00,1900-01-01 19:26:00,1:05,Frisco,Residential
1220,2018-09-16,19.7,4.0,0.203,1900-01-01 18:35:00,1900-01-01 19:40:00,1:05,Frisco,Residential
1218,2018-09-16,43.79,7.0,0.1599,1900-01-01 18:07:00,1900-01-01 19:12:00,1:05,Frisco,Residential
1011,2018-06-29,29.66,5.0,0.1686,1900-01-01 17:49:00,1900-01-01 18:55:00,1:06,Frisco,Residential
1172,2018-09-03,39.97,4.23,0.1058,1900-01-01 16:59:00,1900-01-01 18:06:00,1:07,Frisco,Residential
1136,2018-08-18,14.83,4.0,0.2697,1900-01-01 19:24:00,1900-01-01 20:32:00,1:08,Frisco,Residential
1222,2018-09-16,35.67,5.0,0.1402,1900-01-01 19:08:00,1900-01-01 20:17:00,1:09,Frisco,Residential
1217,2018-09-16,49.69,10.0,0.2012,1900-01-01 17:55:00,1900-01-01 19:05:00,1:10,Frisco,Residential
1226,2018-09-21,42.65,6.0,0.1407,1900-01-01 18:01:00,1900-01-01 19:13:00,1:12,Frisco,Residential
1176,2018-09-03,18.89,10.0,0.5294,1900-01-01 19:06:00,1900-01-01 20:19:00,1:13,Frisco,Residential
1155,2018-08-31,20.24,5.0,0.247,1900-01-01 18:09:00,1900-01-01 19:23:00,1:14,Frisco,Residential
1180,2018-09-06,36.53,3.4699999999999998,0.095,1900-01-01 19:04:00,1900-01-01 20:18:00,1:14,Frisco,Residential
1227,2018-09-21,25.44,4.5600000000000005,0.1792,1900-01-01 18:10:00,1900-01-01 19:24:00,1:14,Frisco,Residential
1179,2018-09-06,30.58,10.0,0.327,1900-01-01 19:11:00,1900-01-01 20:26:00,1:15,Frisco,Residential
1223,2018-09-16,33.5,3.0,0.0896,1900-01-01 19:15:00,1900-01-01 20:32:00,1:17,Frisco,Residential
1170,2018-09-01,171.79,40.0,0.2328,1900-01-01 20:51:00,1900-01-01 21:42:00,0:51,Lewisville,Residential
1137,2018-08-18,95.42,10.0,0.1048,1900-01-01 20:25:00,1900-01-01 21:23:00,0:58,Lewisville,Residential
1244,2018-09-23,85.14,5.0,0.0587,1900-01-01 16:29:00,1900-01-01 17:21:00,0:52,McKinney,Residential
1117,2018-08-11,51.31,10.0,0.1949,1900-01-01 20:50:00,1900-01-01 20:50:00,0:00,Plano,Residential
1061,2018-07-21,21.05,2.0,0.095,1900-01-01 18:00:00,1900-01-01 18:20:00,0:20,Plano,Residential
1060,2018-07-21,30.26,9.74,0.3219,1900-01-01 17:18:00,1900-01-01 17:41:00,0:23,Plano,Residential
1031,2018-07-06,27.01,5.0,0.1851,1900-01-01 21:25:00,1900-01-01 21:49:00,0:24,Plano,Residential
1040,2018-07-08,54.83,4.0,0.073,1900-01-01 14:59:00,1900-01-01 15:24:00,0:25,Plano,Residential
1086,2018-07-29,26.47,5.0,0.1889,1900-01-01 19:37:00,1900-01-01 20:02:00,0:25,Plano,Residential
1212,2018-09-15,45.19,7.0,0.1549,1900-01-01 19:53:00,1900-01-01 20:18:00,0:25,Plano,Residential
1126,2018-08-12,17.0,15.0,0.8824,1900-01-01 19:30:00,1900-01-01 19:56:00,0:26,Plano,Residential
1192,2018-09-08,45.36,10.0,0.2205,1900-01-01 17:56:00,1900-01-01 18:23:00,0:27,Plano,Residential
1055,2018-07-20,59.65,10.0,0.1676,1900-01-01 17:45:00,1900-01-01 18:13:00,0:28,Plano,Residential
1091,2018-08-04,41.84,6.0,0.1434,1900-01-01 18:02:00,1900-01-01 18:30:00,0:28,Plano,Residential
1062,2018-07-21,33.02,8.98,0.272,1900-01-01 19:13:00,1900-01-01 19:42:00,0:29,Plano,Residential
1042,2018-07-08,52.12,7.0,0.1343,1900-01-01 17:10:00,1900-01-01 17:40:00,0:30,Plano,Residential
1049,2018-07-14,34.86,4.0,0.1147,1900-01-01 19:34:00,1900-01-01 20:04:00,0:30,Plano,Residential
1084,2018-07-29,37.51,5.0,0.1333,1900-01-01 17:55:00,1900-01-01 18:26:00,0:31,Plano,Residential
1209,2018-09-15,22.41,3.0,0.1339,1900-01-01 18:13:00,1900-01-01 18:44:00,0:31,Plano,Residential
1182,2018-09-07,54.56,15.0,0.2749,1900-01-01 18:05:00,1900-01-01 18:37:00,0:32,Plano,Residential
1016,2018-06-30,52.12,3.0,0.0576,1900-01-01 18:48:00,1900-01-01 19:21:00,0:33,Plano,Residential
1015,2018-06-30,34.32,8.0,0.2331,1900-01-01 17:11:00,1900-01-01 17:45:00,0:34,Plano,Residential
1054,2018-07-15,33.18,7.0,0.211,1900-01-01 19:14:00,1900-01-01 19:48:00,0:34,Plano,Residential
1131,2018-08-17,72.2,8.0,0.1108,1900-01-01 19:59:00,1900-01-01 20:33:00,0:34,Plano,Residential
1149,2018-08-25,24.3,3.0,0.1235,1900-01-01 18:52:00,1900-01-01 19:26:00,0:34,Plano,Residential
1111,2018-08-11,23.82,8.18,0.3434,1900-01-01 18:24:00,1900-01-01 19:00:00,0:36,Plano,Residential
1059,2018-07-20,37.35,7.65,0.2048,1900-01-01 20:43:00,1900-01-01 21:20:00,0:37,Plano,Residential
1162,2018-09-01,28.63,7.0,0.2445,1900-01-01 18:00:00,1900-01-01 18:38:00,0:38,Plano,Residential
1146,2018-08-25,27.06,5.0,0.1848,1900-01-01 17:45:00,1900-01-01 18:24:00,0:39,Plano,Residential
1068,2018-07-22,28.69,7.31,0.2548,1900-01-01 18:54:00,1900-01-01 19:34:00,0:40,Plano,Residential
1110,2018-08-11,37.35,8.0,0.2142,1900-01-01 18:10:00,1900-01-01 18:50:00,0:40,Plano,Residential
1150,2018-08-25,35.61,6.0,0.1685,1900-01-01 18:59:00,1900-01-01 19:39:00,0:40,Plano,Residential
1070,2018-07-22,33.56,3.0,0.0894,1900-01-01 19:45:00,1900-01-01 20:27:00,0:42,Plano,Residential
1104,2018-08-10,93.96,10.0,0.1064,1900-01-01 19:18:00,1900-01-01 20:00:00,0:42,Plano,Residential
1145,2018-08-25,17.0,3.0,0.1765,1900-01-01 16:33:00,1900-01-01 17:15:00,0:42,Plano,Residential
1130,2018-08-17,43.46,5.0,0.115,1900-01-01 19:43:00,1900-01-01 20:26:00,0:43,Plano,Residential
1008,2018-06-25,28.09,6.0,0.2136,1900-01-01 21:24:00,1900-01-01 22:08:00,0:44,Plano,Residential
1163,2018-09-01,68.09,6.91,0.1015,1900-01-01 18:08:00,1900-01-01 18:52:00,0:44,Plano,Residential
1028,2018-07-06,67.17,10.0,0.1489,1900-01-01 19:05:00,1900-01-01 19:50:00,0:45,Plano,Residential
1120,2018-08-12,34.64,5.36,0.1547,1900-01-01 16:38:00,1900-01-01 17:23:00,0:45,Plano,Residential
1148,2018-08-25,43.19,8.0,0.1852,1900-01-01 17:59:00,1900-01-01 18:44:00,0:45,Plano,Residential
1050,2018-07-14,58.08,5.0,0.0861,1900-01-01 19:54:00,1900-01-01 20:42:00,0:48,Plano,Residential
1112,2018-08-11,60.02,5.0,0.0833,1900-01-01 18:22:00,1900-01-01 19:10:00,0:48,Plano,Residential
1029,2018-07-06,44.92,10.0,0.2226,1900-01-01 19:10:00,1900-01-01 20:00:00,0:50,Plano,Residential
1118,2018-08-11,22.41,1.0,0.0446,1900-01-01 20:44:00,1900-01-01 21:34:00,0:50,Plano,Residential
1174,2018-09-03,33.02,6.98,0.2114,1900-01-01 18:21:00,1900-01-01 19:12:00,0:51,Plano,Residential
1187,2018-09-07,25.11,4.89,0.1947,1900-01-01 19:26:00,1900-01-01 20:24:00,0:58,Plano,Residential
1201,2018-09-10,25.44,9.56,0.3758,1900-01-01 18:02:00,1900-01-01 19:00:00,0:58,Plano,Residential
1075,2018-07-23,32.42,3.0,0.0925,1900-01-01 18:50:00,1900-01-01 19:49:00,0:59,Plano,Residential
1202,2018-09-10,15.7,4.3,0.2739,1900-01-01 18:06:00,1900-01-01 19:10:00,1:04,Plano,Residential
1063,2018-07-21,54.88,9.12,0.1662,1900-01-01 19:49:00,1900-01-01 20:55:00,1:06,Plano,Residential
1177,2018-09-03,83.03,10.0,0.1204,1900-01-01 18:22:00,1900-01-01 20:37:00,2:15,Plano,Residential
1012,2018-06-29,46.71,5.0,0.107,1900-01-01 18:50:00,1900-01-01 18:50:00,0:00,The Colony,Residential
1048,2018-07-14,47.52,5.0,0.1052,1900-01-01 18:40:00,1900-01-01 19:15:00,0:35,The Colony,Residential
1166,2018-09-01,39.46,5.0,0.1267,1900-01-01 19:12:00,1900-01-01 19:51:00,0:39,The Colony,Residential
1094,2018-08-04,51.85,6.0,0.1157,1900-01-01 19:51:00,1900-01-01 20:31:00,0:40,The Colony,Residential
1165,2018-09-01,90.39,20.0,0.2213,1900-01-01 19:01:00,1900-01-01 19:42:00,0:41,The Colony,Residential
1168,2018-09-01,33.56,5.0,0.149,1900-01-01 19:53:00,1900-01-01 20:36:00,0:43,The Colony,Residential
1088,2018-08-03,46.44,10.0,0.2153,1900-01-01 17:17:00,1900-01-01 18:04:00,0:47,The Colony,Residential
1214,2018-09-15,57.37,4.0,0.0697,1900-01-01 20:44:00,1900-01-01 21:32:00,0:48,The Colony,Residential
1074,2018-07-23,61.7,9.0,0.1459,1900-01-01 18:48:00,1900-01-01 19:38:00,0:50,The Colony,Residential
1152,2018-08-31,32.1,10.0,0.3115,1900-01-01 17:56:00,1900-01-01 18:46:00,0:50,The Colony,Residential
1230,2018-09-21,20.03,4.0,0.1997,1900-01-01 20:20:00,1900-01-01 21:14:00,0:54,The Colony,Residential
