{
  "latent_dim": 20,
  "counts": [
    980,
    1135,
    1032,
    1010,
    982,
    892,
    958,
    1028,
    974,
    1009
  ],
  "means": [
    [
      0.0386869630263168,
      0.27526182988468484,
      0.27398198087300574,
      0.4144233870263002,
      0.5014244642184705,
      0.02580755720941388,
      -0.4506665983522425,
      0.008467540327383548,
      -0.7241049123053648,
      0.024134364967443506,
      -0.3786628976160166,
      0.036662851312026686,
      -0.08309929890900242,
      -1.245890676610324,
      -0.030828202956793258,
      0.09442489338772637,
      0.30259133595593124,
      -0.05999463275074959,
      0.5384978846627839,
      -0.1493578412855158
    ],
    [
      -0.009005225387438804,
      0.048649699940030273,
      0.1589260800819565,
      0.058126399564322924,
      -0.06429621587765899,
      -0.01801505692729866,
      -0.07399672080766787,
      0.03030664255177922,
      0.3425420639273354,
      0.3027816702747135,
      0.013797611661156894,
      0.4861619888948449,
      -0.004029552973314529,
      1.8074934631717363,
      0.030824854300410737,
      -0.04403475291928531,
      0.14915204368498883,
      0.004216590517155399,
      -0.39895596409684236,
      -0.0028158370356202653
    ],
    [
      -0.1357484852043233,
      0.3057674955027972,
      0.19164806836855042,
      -0.711942813308664,
      -0.11207457590674938,
      0.021837188147528226,
      0.17184011191996032,
      0.15008085671552393,
      -0.49659756340028705,
      -0.06142082319472187,
      -0.1152213031007338,
      0.23344836643961972,
      -0.19841548419275948,
      -0.1934464868706788,
      0.10907695078572562,
      -0.0685568298826846,
      -0.0021383282981177632,
      -0.06785541368547336,
      -1.5676706599634747,
      -0.12732483342636464
    ],
    [
      -0.13560141360405648,
      -0.18688769133964386,
      -1.1726080309046376,
      0.7734735623444661,
      -0.20068729325096205,
      0.16835180547567877,
      -0.5824814447081915,
      0.034378554620365105,
      0.12619108002964813,
      0.16803184257875575,
      0.3386482816521484,
      0.3386993702390406,
      -0.17078674515285114,
      -0.38821998734285335,
      0.23120195824320955,
      -0.13625877496629657,
      0.18513990705556208,
      -0.007283025094778231,
      -0.9586774906309524,
      -0.015121322678457392
    ],
    [
      0.06362033911550118,
      -0.47574438188080875,
      0.9946829515173576,
      -0.14811357203301975,
      -0.43890405939455673,
      -0.09258411065988288,
      0.9470196607884953,
      0.43894496626863655,
      0.33545622306965034,
      -0.21930420981405224,
      0.4148245593438081,
      -0.36304088073446894,
      -0.5099029476676599,
      -0.09994649307426756,
      -0.16787102903465145,
      -0.04289503556404969,
      0.4511591054635718,
      0.10016842508146089,
      0.5548580072805013,
      0.062182346119900096
    ],
    [
      0.07064554165430667,
      0.49329667321235077,
      -1.0814577719288556,
      0.5047238253959091,
      -0.4126284286513457,
      0.07058572602111662,
      0.4052890942770269,
      -0.04723517700294742,
      -0.28873551102363476,
      0.030727435003615283,
      0.305322963994982,
      0.2798546235924879,
      0.6063875181792563,
      -0.21375722391322055,
      0.03921621763920036,
      0.8094865714488008,
      -0.3869309428026858,
      0.0024275785069829145,
      0.41132047906050234,
      0.020717176855145014
    ],
    [
      0.03834780512498167,
      -0.14009829293275428,
      1.2836968931126445,
      0.09932429665439065,
      0.29085913213409315,
      0.01911727536570802,
      -0.25919076052177425,
      -0.12351069600167752,
      -0.11718621218503143,
      -0.17453671826947956,
      0.04979105107097387,
      1.1511333889652642,
      0.170962751409455,
      -0.37767243659073224,
      -0.1785959496254214,
      -0.014867945043428457,
      -0.40460116162678395,
      -0.015085466486053824,
      0.03138550437815752,
      0.060130830799736905
    ],
    [
      -0.05754758481385643,
      0.5226170513416543,
      0.1106555724393301,
      0.09105855551211287,
      -0.08776146767784185,
      0.03291828178797019,
      -0.45003628889859765,
      0.0154667017756733,
      0.4919620079173188,
      0.06223343782387819,
      -0.08576757765233749,
      -1.6747699428625145,
      -0.09962865855211414,
      0.22348829193569808,
      -0.17035635180974285,
      0.055633257683149105,
      0.3075061346828242,
      0.054460891105727466,
      0.05369407431392818,
      0.030361919160135063
    ],
    [
      0.1361434568308707,
      -0.3935639562058498,
      -0.663044893766086,
      -0.34208432459549737,
      0.5156801007611551,
      -0.1798970231315928,
      0.7145566392605799,
      -0.5815301308641688,
      0.014957062685881307,
      0.6762206835913217,
      -0.36669563298597474,
      0.03524395437945575,
      0.4137463486414915,
      0.012992776593755648,
      -0.015260588553651892,
      -0.4075073978616961,
      -0.5777000234112357,
      0.09390677380121219,
      0.012138163483485549,
      -0.03801580087054192
    ],
    [
      -0.03716452619129177,
      -0.2927799226625705,
      0.2206326915233648,
      -0.48815015487084895,
      0.4465404308675184,
      -0.05182842674736225,
      -0.31352722863375965,
      -0.197897420352467,
      0.6832672853476938,
      0.056043503519860205,
      0.18909428631231498,
      -0.544943362622124,
      0.03917894600286002,
      0.017207289651789442,
      0.058922696374984394,
      -0.03305288760879468,
      -0.0874269457738865,
      -0.008802580038903371,
      1.049177578584881,
      -0.05916944775283632
    ]
  ],